iegkllsqrb,2021-12-02 14:16:59.595835,2000,55
zzvicguixxrj,2021-12-02 14:16:59.595874,2003,43
ipizikccjyue,2021-12-02 14:16:59.595890,2006,99
tbuvexwbhsvs,2021-12-02 14:16:59.595902,2009,90
aiaxzcjqagli,2021-12-02 14:16:59.595914,2012,62
fpstdagitayv,2021-12-02 14:16:59.595925,2015,65
nekdapjanil,2021-12-02 14:16:59.595936,2018,86
yekwcfijniw,2021-12-02 14:16:59.595947,2021,92
peqykihahi,2021-12-02 14:16:59.595957,2024,67
wmmuqnjijxu,2021-12-02 14:16:59.595968,2027,18
qenooutcqc,2021-12-02 14:16:59.595978,2030,38
weazvptxmvj,2021-12-02 14:16:59.596046,2033,21
bdacvbvcwae,2021-12-02 14:16:59.596071,2036,26
gofqurtrcvc,2021-12-02 14:16:59.596083,2039,27
fqttwmvjsnn,2021-12-02 14:16:59.596093,2042,28
ruknpmutnjil,2021-12-02 14:16:59.596104,2045,29
blgboddsnq,2021-12-02 14:16:59.596114,2048,47
jiutnfdonaw,2021-12-02 14:16:59.596125,2051,45
uqzecqpldpc,2021-12-02 14:16:59.596137,2054,25
rezrnekekvh,2021-12-02 14:16:59.596148,2057,57
fmzffvsqds,2021-12-02 14:16:59.596157,2060,16
huuxldnfdiq,2021-12-02 14:16:59.596168,2063,47
rfeqirqdnren,2021-12-02 14:16:59.596179,2066,6
oukpxkkejy,2021-12-02 14:16:59.596189,2069,19
fawbgmnpkwy,2021-12-02 14:16:59.596199,2072,19
nikfsnkjpp,2021-12-02 14:16:59.596209,2075,100
zwfxuxmfmxw,2021-12-02 14:16:59.596219,2078,47
hdtlwcnrxyxi,2021-12-02 14:16:59.596235,2081,92
bmccvmjshei,2021-12-02 14:16:59.596245,2084,88
tzjxrsuysx,2021-12-02 14:16:59.596314,2087,34
imtldlgqppm,2021-12-02 14:16:59.596336,2090,63
wnqbbivgcegw,2021-12-02 14:16:59.596350,2093,80
vtduiddlodku,2021-12-02 14:16:59.596386,2096,61
ezhpjvsecg,2021-12-02 14:16:59.596397,2099,32
zsakcsmare,2021-12-02 14:16:59.596407,2102,70
zgetnorwbjm,2021-12-02 14:16:59.596417,2105,58
nrlgpvzsmuh,2021-12-02 14:16:59.596524,2108,16
duqcfwvhyy,2021-12-02 14:16:59.596538,2111,29
deqtaurkhtdb,2021-12-02 14:16:59.596549,2114,36
qryeairxcifj,2021-12-02 14:16:59.596560,2117,5
udyuqsgygg,2021-12-02 14:16:59.596570,2120,32
xwfjtpcyuk,2021-12-02 14:16:59.596579,2123,29
ecxkhumehco,2021-12-02 14:16:59.596589,2126,36
klawqldohc,2021-12-02 14:16:59.596599,2129,60
ieomedowcn,2021-12-02 14:16:59.596608,2132,43
uusbqzevygyu,2021-12-02 14:16:59.596619,2135,7
pdgnsddkxjxz,2021-12-02 14:16:59.596629,2138,72
czsobtqaacqj,2021-12-02 14:16:59.596639,2141,84
cbhqinduxa,2021-12-02 14:16:59.596649,2144,31
qdggeodqrstl,2021-12-02 14:16:59.596660,2147,36
kzhngtbqbd,2021-12-02 14:16:59.596669,2150,25
pflgrtmfbiw,2021-12-02 14:16:59.596679,2153,51
bbftrsfgwkrk,2021-12-02 14:16:59.596690,2156,96
mujogoiydvke,2021-12-02 14:16:59.596700,2159,31
idksbarenq,2021-12-02 14:16:59.596710,2162,8
ggristfatb,2021-12-02 14:16:59.596719,2165,47
jdstbwcwuggd,2021-12-02 14:16:59.596730,2168,46
vbljvyiycvs,2021-12-02 14:16:59.596740,2171,16
tvppzzwqmpp,2021-12-02 14:16:59.596750,2174,99
mnfukmkvqw,2021-12-02 14:16:59.596759,2177,49
bmckzultgtfn,2021-12-02 14:16:59.596770,2180,18
quyyvrhtpfaw,2021-12-02 14:16:59.596780,2183,29
dtvcsslwxd,2021-12-02 14:16:59.596790,2186,21
vlrzbiumqq,2021-12-02 14:16:59.596800,2189,82
cqeeccwfrqqm,2021-12-02 14:16:59.596810,2192,76
qjqdxwlrsp,2021-12-02 14:16:59.596820,2195,50
pwjrjlmxsbx,2021-12-02 14:16:59.596829,2198,56
cclgctlspvne,2021-12-02 14:16:59.596840,2201,18
iqhgrdszdnlz,2021-12-02 14:16:59.596850,2204,63
zevurowavyt,2021-12-02 14:16:59.596861,2207,71
cpjmvcbqyz,2021-12-02 14:16:59.596870,2210,49
hbfylthfbesz,2021-12-02 14:16:59.596880,2213,73
hamnghdhcxc,2021-12-02 14:16:59.596890,2216,65
aaizwxtwvqi,2021-12-02 14:16:59.596900,2219,9
hsludnhmmxrm,2021-12-02 14:16:59.596911,2222,24
mtbaehhdzw,2021-12-02 14:16:59.596923,2225,27
ukalufswkrhs,2021-12-02 14:16:59.596938,2228,56
exfxfzwpqli,2021-12-02 14:16:59.596948,2231,30
ebalupuhezf,2021-12-02 14:16:59.596958,2234,62
skhtyttxpum,2021-12-02 14:16:59.596968,2237,35
twhnjzoblbsp,2021-12-02 14:16:59.596978,2240,28
oefoznnbwx,2021-12-02 14:16:59.596988,2243,17
akkuoywyyib,2021-12-02 14:16:59.596998,2246,19
sfwacmnoxryy,2021-12-02 14:16:59.597008,2249,96
dnxyjdberamd,2021-12-02 14:16:59.597019,2252,42
qtjglvxhrocf,2021-12-02 14:16:59.597030,2255,44
agufkxwugu,2021-12-02 14:16:59.597040,2258,49
accqpsqbrln,2021-12-02 14:16:59.597050,2261,40
dbtmpxixsqke,2021-12-02 14:16:59.597060,2264,15
wpxywxysdlez,2021-12-02 14:16:59.597070,2267,67
qvzwtbdzgkcy,2021-12-02 14:16:59.597080,2270,43
virksxhtnb,2021-12-02 14:16:59.597089,2273,27
kwdfdqvpslqx,2021-12-02 14:16:59.597100,2276,41
zoyujfdlkd,2021-12-02 14:16:59.597110,2279,80
dieadknbojy,2021-12-02 14:16:59.597120,2282,62
hbbypnstmyu,2021-12-02 14:16:59.597130,2285,41
nvwxmuhqib,2021-12-02 14:16:59.597140,2288,93
bindprnfrw,2021-12-02 14:16:59.597149,2291,99
qnzuoxppsspa,2021-12-02 14:16:59.597163,2294,49
kbtxnjqqvh,2021-12-02 14:16:59.597172,2297,4
mvgtycicqad,2021-12-02 14:16:59.597182,2300,24
hzqkcetaqhvr,2021-12-02 14:16:59.597192,2303,28
mqqhpncmry,2021-12-02 14:16:59.597202,2306,81
qevvnjzbylxw,2021-12-02 14:16:59.597212,2309,41
kunsnvjlrvla,2021-12-02 14:16:59.597223,2312,86
euimpcrgqc,2021-12-02 14:16:59.597232,2315,32
cbpozojspp,2021-12-02 14:16:59.597242,2318,77
tvlqpfikqxb,2021-12-02 14:16:59.597252,2321,37
fbyalimvgt,2021-12-02 14:16:59.597262,2324,72
iizciwcaayqn,2021-12-02 14:16:59.597272,2327,29
zvtnalfsoxzr,2021-12-02 14:16:59.597283,2330,62
rgqrcjnjvzy,2021-12-02 14:16:59.597294,2333,97
rdlaulmwgu,2021-12-02 14:16:59.597303,2336,79
sqdmybhqlkpb,2021-12-02 14:16:59.597313,2339,80
pmbprehsggmp,2021-12-02 14:16:59.597324,2342,91
xoxsrjzuujo,2021-12-02 14:16:59.597334,2345,72
hetnncsstaog,2021-12-02 14:16:59.597344,2348,14
tqthhknngala,2021-12-02 14:16:59.597354,2351,15
vnlxdhkxtch,2021-12-02 14:16:59.597364,2354,95
cwxobamrqr,2021-12-02 14:16:59.597374,2357,48
ippyuelunu,2021-12-02 14:16:59.597383,2360,80
buqqzozfrvcu,2021-12-02 14:16:59.597393,2363,18
gpghbiebvbj,2021-12-02 14:16:59.597403,2366,46
kqnxkrmbrz,2021-12-02 14:16:59.597413,2369,27
xdoxpavxklo,2021-12-02 14:16:59.597423,2372,97
dgshssbnvis,2021-12-02 14:16:59.597432,2375,12
ezjfbxonxu,2021-12-02 14:16:59.597442,2378,40
gbzkyuekxhmq,2021-12-02 14:16:59.597452,2381,88
cicezipgags,2021-12-02 14:16:59.597464,2384,75
pnjiijxszknt,2021-12-02 14:16:59.597475,2387,60
aidjgxpzunq,2021-12-02 14:16:59.597485,2390,41
ylvorvuminh,2021-12-02 14:16:59.597495,2393,84
ldrusvvghqw,2021-12-02 14:16:59.597505,2396,69
qxancduhfpa,2021-12-02 14:16:59.597515,2399,63
szphhgmckudd,2021-12-02 14:16:59.597525,2402,73
jribpuvamkcw,2021-12-02 14:16:59.597535,2405,100
psfgibyyzfmo,2021-12-02 14:16:59.597546,2408,90
qifvnwwdtt,2021-12-02 14:16:59.597555,2411,68
scsssesbzz,2021-12-02 14:16:59.597565,2414,11
qzridgeklsd,2021-12-02 14:16:59.597575,2417,31
qlaixzqytle,2021-12-02 14:16:59.597585,2420,38
gtjvegubtyjc,2021-12-02 14:16:59.597595,2423,94
rzghczjgxj,2021-12-02 14:16:59.597604,2426,79
uswmwggzomfn,2021-12-02 14:16:59.597615,2429,71
jtmbnvgepdt,2021-12-02 14:16:59.597625,2432,53
xtilnmyseexy,2021-12-02 14:16:59.597635,2435,42
qxweascwntc,2021-12-02 14:16:59.597646,2438,89
nlsizksmwy,2021-12-02 14:16:59.597655,2441,5
sgyabfbxanz,2021-12-02 14:16:59.597665,2444,63
neszptefbf,2021-12-02 14:16:59.597675,2447,39
goggzriktw,2021-12-02 14:16:59.597685,2450,32
grrtlszaps,2021-12-02 14:16:59.597694,2453,78
mhfsmuomjmhy,2021-12-02 14:16:59.597704,2456,71
skipbkdqtf,2021-12-02 14:16:59.597715,2459,94
vopowhhslumn,2021-12-02 14:16:59.597725,2462,36
nvqvqysisktz,2021-12-02 14:16:59.597735,2465,96
ntvleojmir,2021-12-02 14:16:59.597745,2468,88
iqxtqjtytj,2021-12-02 14:16:59.597754,2471,88
oszofyieyhb,2021-12-02 14:16:59.597764,2474,77
ctxsvunzvebi,2021-12-02 14:16:59.597774,2477,45
efhbbmymxhhl,2021-12-02 14:16:59.597785,2480,6
keegdsvaffzn,2021-12-02 14:16:59.597798,2483,82
qfglyfzjbr,2021-12-02 14:16:59.597808,2486,19
sazefqxdwkz,2021-12-02 14:16:59.597817,2489,53
aceicnccrk,2021-12-02 14:16:59.597827,2492,93
nxgtlwpalt,2021-12-02 14:16:59.597836,2495,19
xbenbdphfgn,2021-12-02 14:16:59.597846,2498,86
xjvwuhymmb,2021-12-02 14:16:59.597856,2501,44
noidyoziqgi,2021-12-02 14:16:59.597866,2504,61
tnllxytblwsr,2021-12-02 14:16:59.597876,2507,99
bdqlikwdzog,2021-12-02 14:16:59.597886,2510,54
ziblkqndzm,2021-12-02 14:16:59.597902,2513,6
xfemvibqchyf,2021-12-02 14:16:59.597913,2516,90
ujpyozyseng,2021-12-02 14:16:59.597923,2519,51
iqaxiozwqdm,2021-12-02 14:16:59.597933,2522,63
aqdruvsvtmr,2021-12-02 14:16:59.597943,2525,62
atifimjchj,2021-12-02 14:16:59.597953,2528,16
zquhkdspjhj,2021-12-02 14:16:59.597963,2531,72
ssywmgwxdzo,2021-12-02 14:16:59.597973,2534,7
srzccesrgrso,2021-12-02 14:16:59.597983,2537,23
anemtaqwfk,2021-12-02 14:16:59.597993,2540,52
yzfjxyosptb,2021-12-02 14:16:59.598003,2543,59
cluvcusfgtg,2021-12-02 14:16:59.598013,2546,98
ybvdpjklbsm,2021-12-02 14:16:59.598023,2549,69
vkpjvfkbewks,2021-12-02 14:16:59.598033,2552,56
zfawoubspl,2021-12-02 14:16:59.598044,2555,82
pxgtzmsattjo,2021-12-02 14:16:59.598054,2558,87
tqzqnkerood,2021-12-02 14:16:59.598064,2561,37
dhsgkappbxkd,2021-12-02 14:16:59.598074,2564,44
urhlgtdohq,2021-12-02 14:16:59.598083,2567,29
evnhmnferowy,2021-12-02 14:16:59.598094,2570,79
jtpxbgcttpr,2021-12-02 14:16:59.598104,2573,2
snljvjmnxr,2021-12-02 14:16:59.598114,2576,58
wpdomwgbqnr,2021-12-02 14:16:59.598123,2579,16
bdmiofhyalb,2021-12-02 14:16:59.598134,2582,96
wjlcxkjjipo,2021-12-02 14:16:59.598144,2585,67
uhuhhgbnkve,2021-12-02 14:16:59.598153,2588,38
jbguyvkynkr,2021-12-02 14:16:59.598163,2591,50
qucsjbvoyj,2021-12-02 14:16:59.598173,2594,32
pabbxeihwig,2021-12-02 14:16:59.598183,2597,70
xiikhqtqlvin,2021-12-02 14:16:59.598193,2600,95
aygecgxlly,2021-12-02 14:16:59.598203,2603,61
srugvnnbrqcy,2021-12-02 14:16:59.598213,2606,29
ozrvispvvs,2021-12-02 14:16:59.598223,2609,32
mnqwgwfqpy,2021-12-02 14:16:59.598232,2612,65
ydozbobbqpac,2021-12-02 14:16:59.598243,2615,68
qggmkzskobzq,2021-12-02 14:16:59.598253,2618,44
kicqbxsmlukj,2021-12-02 14:16:59.598263,2621,82
aftcjvpbjej,2021-12-02 14:16:59.598273,2624,89
zshcagkwncvh,2021-12-02 14:16:59.598283,2627,97
mhjbcrqmwqcp,2021-12-02 14:16:59.598293,2630,92
binuezocgu,2021-12-02 14:16:59.598303,2633,19
mbcsgwzgycn,2021-12-02 14:16:59.598313,2636,50
uwirugwgknyl,2021-12-02 14:16:59.598323,2639,16
mdavloaugvj,2021-12-02 14:16:59.598333,2642,37
sgmcuprewuy,2021-12-02 14:16:59.598343,2645,36
cxyigscckdkx,2021-12-02 14:16:59.598353,2648,88
couksuwhkvjy,2021-12-02 14:16:59.598363,2651,72
gmbkqidktxp,2021-12-02 14:16:59.598373,2654,53
ctlleflbpr,2021-12-02 14:16:59.598383,2657,75
yabmolqzrzbd,2021-12-02 14:16:59.598393,2660,91
kjlqyxewxgdg,2021-12-02 14:16:59.598403,2663,24
krybqdcsrbuk,2021-12-02 14:16:59.598413,2666,2
mnusmbebjj,2021-12-02 14:16:59.598424,2669,66
ipbbgbbmxluo,2021-12-02 14:16:59.598435,2672,22
jmqkszgcht,2021-12-02 14:16:59.598444,2675,19
idwtuojhwjo,2021-12-02 14:16:59.598454,2678,96
ngkjcyoutlvg,2021-12-02 14:16:59.598465,2681,12
pbeaixemdag,2021-12-02 14:16:59.598475,2684,60
qeysxqfggdyk,2021-12-02 14:16:59.598485,2687,96
pagwdemajqq,2021-12-02 14:16:59.598495,2690,12
zhscdorjkbbt,2021-12-02 14:16:59.598505,2693,29
zdgestxdfw,2021-12-02 14:16:59.598514,2696,47
bodupmjdjo,2021-12-02 14:16:59.598524,2699,44
vlijwstargq,2021-12-02 14:16:59.598534,2702,18
kmvprxisfwd,2021-12-02 14:16:59.598544,2705,89
mibydddgst,2021-12-02 14:16:59.598553,2708,99
uhmemlcyvu,2021-12-02 14:16:59.598563,2711,50
qwjvbsphbna,2021-12-02 14:16:59.598573,2714,71
mpfrejbaggoh,2021-12-02 14:16:59.598583,2717,20
qcldhbuyljk,2021-12-02 14:16:59.598593,2720,93
wjtxghhzxo,2021-12-02 14:16:59.598603,2723,13
huowwhzehrb,2021-12-02 14:16:59.598613,2726,76
kicvgmdeubws,2021-12-02 14:16:59.598623,2729,67
xvhrdjslbcp,2021-12-02 14:16:59.598632,2732,92
bqrrnphket,2021-12-02 14:16:59.598642,2735,62
otyoryfzdxe,2021-12-02 14:16:59.598696,2738,55
kggocrwayf,2021-12-02 14:16:59.598708,2741,36
mnlxnfmdpi,2021-12-02 14:16:59.598718,2744,20
blsqbkuosxj,2021-12-02 14:16:59.598728,2747,37
wphfrazdtadx,2021-12-02 14:16:59.598738,2750,12
onzbequsliqn,2021-12-02 14:16:59.598749,2753,60
sboxkynmefyk,2021-12-02 14:16:59.598759,2756,53
jubkviqlilg,2021-12-02 14:16:59.598768,2759,53
eluipseykr,2021-12-02 14:16:59.598778,2762,61
sygleiwyxc,2021-12-02 14:16:59.598787,2765,76
qgdkgliqwdfp,2021-12-02 14:16:59.598798,2768,99
rlmbjcbzpua,2021-12-02 14:16:59.598807,2771,16
kfokzekzgbf,2021-12-02 14:16:59.598817,2774,81
ejmvpbnqrse,2021-12-02 14:16:59.598827,2777,69
twjrgjajdzyo,2021-12-02 14:16:59.598837,2780,63
rovdpalahpy,2021-12-02 14:16:59.598848,2783,18
evqjuqgnfsxz,2021-12-02 14:16:59.598858,2786,98
ljpdtypabsye,2021-12-02 14:16:59.598869,2789,68
xemypcgemjvi,2021-12-02 14:16:59.598879,2792,38
fjjirrmgke,2021-12-02 14:16:59.598888,2795,67
tftclubzkuo,2021-12-02 14:16:59.598898,2798,69
hhytmyoamrm,2021-12-02 14:16:59.598908,2801,70
dnxzyvgiomf,2021-12-02 14:16:59.598917,2804,26
szxsdwfgrze,2021-12-02 14:16:59.598927,2807,15
mxuktdsfvyvt,2021-12-02 14:16:59.598938,2810,36
ostsqaevfli,2021-12-02 14:16:59.598948,2813,47
ojcliiqlkt,2021-12-02 14:16:59.598957,2816,93
ivgazipuksho,2021-12-02 14:16:59.598968,2819,43
nyurmoyfrtr,2021-12-02 14:16:59.598977,2822,34
uzcfiejsqacj,2021-12-02 14:16:59.598988,2825,81
fbitgxeqzsnm,2021-12-02 14:16:59.598998,2828,20
rxdatibhph,2021-12-02 14:16:59.599007,2831,25
rbwufsayns,2021-12-02 14:16:59.599017,2834,19
qdshfqbotla,2021-12-02 14:16:59.599027,2837,69
cnbbesoaqhe,2021-12-02 14:16:59.599038,2840,16
mefchnxqpov,2021-12-02 14:16:59.599048,2843,20
qhoqehubau,2021-12-02 14:16:59.599058,2846,47
uqzuxrjqagu,2021-12-02 14:16:59.599067,2849,88
cbxiuxtggcg,2021-12-02 14:16:59.599077,2852,28
ctblhzjaokya,2021-12-02 14:16:59.599087,2855,88
nnxqfqxcvw,2021-12-02 14:16:59.599097,2858,61
kcwapbotawm,2021-12-02 14:16:59.599111,2861,60
ojkvgmklntn,2021-12-02 14:16:59.599121,2864,19
psqzaqsmyxnw,2021-12-02 14:16:59.599134,2867,65
kkglqtanrn,2021-12-02 14:16:59.599144,2870,69
sswspolths,2021-12-02 14:16:59.599154,2873,54
tnooxnzibqo,2021-12-02 14:16:59.599163,2876,12
wemacorzmh,2021-12-02 14:16:59.599173,2879,16
kwqnwcezkim,2021-12-02 14:16:59.599183,2882,94
bycarpxfmdmq,2021-12-02 14:16:59.599193,2885,40
rdkdtfhzuvd,2021-12-02 14:16:59.599203,2888,18
ictcqyprhh,2021-12-02 14:16:59.599212,2891,20
joqplgbcyxeh,2021-12-02 14:16:59.599223,2894,68
vbbqttxjxj,2021-12-02 14:16:59.599232,2897,16
nncnstjwnv,2021-12-02 14:16:59.599242,2900,11
kdypnqerjiou,2021-12-02 14:16:59.599253,2903,38
nbhfwcwxhun,2021-12-02 14:16:59.599262,2906,7
nnbvqtxxhinv,2021-12-02 14:16:59.599273,2909,35
osynvhbhufyu,2021-12-02 14:16:59.599283,2912,69
oqtuzmprbbg,2021-12-02 14:16:59.599293,2915,16
xvcxemzgcxfr,2021-12-02 14:16:59.599308,2918,76
vcemdhwtyqz,2021-12-02 14:16:59.599319,2921,25
szrzjqpdhp,2021-12-02 14:16:59.599328,2924,30
kllulwnnxm,2021-12-02 14:16:59.599338,2927,73
yfamqalzbd,2021-12-02 14:16:59.599348,2930,15
wtfphpbmewqz,2021-12-02 14:16:59.599358,2933,63
fabixfyzbjn,2021-12-02 14:16:59.599368,2936,59
uaembnqojcmw,2021-12-02 14:16:59.599378,2939,89
bmaqwyvitwc,2021-12-02 14:16:59.599388,2942,26
lsggnxehnfr,2021-12-02 14:16:59.599398,2945,51
coortktcvxhj,2021-12-02 14:16:59.599408,2948,8
lchbahawmrrm,2021-12-02 14:16:59.599418,2951,38
jrrbzfduwqe,2021-12-02 14:16:59.599428,2954,6
rpcgfhghgig,2021-12-02 14:16:59.599438,2957,73
usfkgoekgnf,2021-12-02 14:16:59.599448,2960,42
oqxaylkoqspx,2021-12-02 14:16:59.599458,2963,19
gtnmhmgauu,2021-12-02 14:16:59.599468,2966,5
okwqfxqydyd,2021-12-02 14:16:59.599478,2969,71
sscydxatxmj,2021-12-02 14:16:59.599488,2972,79
yemwrcrqhv,2021-12-02 14:16:59.599498,2975,28
uazzcamduqc,2021-12-02 14:16:59.599508,2978,100
ddejxjoudvs,2021-12-02 14:16:59.599518,2981,74
vpvyqgdmels,2021-12-02 14:16:59.599528,2984,74
pvvgmqicbn,2021-12-02 14:16:59.599537,2987,45
udpteyzwbnbv,2021-12-02 14:16:59.599548,2990,97
bofbarimvy,2021-12-02 14:16:59.599557,2993,66
brqverjiphxa,2021-12-02 14:16:59.599568,2996,8
chybaqmwqs,2021-12-02 14:16:59.599577,2999,21
biwabukpoqgk,2021-12-02 14:16:59.599587,3002,29
begluiejvahl,2021-12-02 14:16:59.599598,3005,42
tmkhriypliv,2021-12-02 14:16:59.599607,3008,61
jdwtiahles,2021-12-02 14:16:59.599617,3011,24
khokdxkpxc,2021-12-02 14:16:59.599626,3014,86
fiqmjxdasio,2021-12-02 14:16:59.599637,3017,54
wotnusgceltj,2021-12-02 14:16:59.599647,3020,6
cugritgharp,2021-12-02 14:16:59.599663,3023,7
iexhlhjafazq,2021-12-02 14:16:59.599673,3026,80
ugzsuqwjyspk,2021-12-02 14:16:59.599684,3029,93
rpznbogbteah,2021-12-02 14:16:59.599694,3032,40
ohylgbxulv,2021-12-02 14:16:59.599704,3035,13
fkvepwhouwub,2021-12-02 14:16:59.599714,3038,13
koftpsgcvjz,2021-12-02 14:16:59.599743,3041,70
meqtauiuvc,2021-12-02 14:16:59.599755,3044,6
zzlnonvija,2021-12-02 14:16:59.599781,3047,11
gxwlibwxnygn,2021-12-02 14:16:59.599790,3050,33
frpibyfhzpi,2021-12-02 14:16:59.599799,3053,28
syxmcijwdjfu,2021-12-02 14:16:59.599808,3056,1
dhtaroemnl,2021-12-02 14:16:59.599816,3059,65
fvlbrrbpxmv,2021-12-02 14:16:59.599825,3062,79
vocfvhwjlnj,2021-12-02 14:16:59.599833,3065,40
wdxrtfnwup,2021-12-02 14:16:59.599841,3068,59
qozwmiktiuim,2021-12-02 14:16:59.599850,3071,81
xtaxpghuvyjt,2021-12-02 14:16:59.599859,3074,57
ewvqdwqcnqs,2021-12-02 14:16:59.599868,3077,93
scnyafzzmn,2021-12-02 14:16:59.599876,3080,89
puornfpquilf,2021-12-02 14:16:59.599885,3083,6
rxdfxihiwyn,2021-12-02 14:16:59.599894,3086,57
omrncoidnd,2021-12-02 14:16:59.599902,3089,52
atbovgzwmjoq,2021-12-02 14:16:59.599911,3092,54
djhnivmmqzca,2021-12-02 14:16:59.599920,3095,47
jdphugdvbz,2021-12-02 14:16:59.599928,3098,87
hfzaopbjkx,2021-12-02 14:16:59.599936,3101,78
zukkizllge,2021-12-02 14:16:59.599945,3104,64
gwcwrvtytr,2021-12-02 14:16:59.599953,3107,5
ogmlniuaxz,2021-12-02 14:16:59.599961,3110,49
vbjmaazqfewc,2021-12-02 14:16:59.599970,3113,86
aogqghxrxqpw,2021-12-02 14:16:59.599979,3116,68
vmawcbweqdh,2021-12-02 14:16:59.599987,3119,11
iharzitizzv,2021-12-02 14:16:59.599996,3122,56
cdiwwavwsjck,2021-12-02 14:16:59.600005,3125,66
tveeomekicm,2021-12-02 14:16:59.600013,3128,27
ksmtuxnrvv,2021-12-02 14:16:59.600022,3131,5
ddgnnntwjhy,2021-12-02 14:16:59.600031,3134,32
urpfgvsblz,2021-12-02 14:16:59.600039,3137,65
hzsxdknkom,2021-12-02 14:16:59.600047,3140,31
hvbaphebzm,2021-12-02 14:16:59.600056,3143,13
rfetwxqowqy,2021-12-02 14:16:59.600064,3146,17
bhyhdauazqco,2021-12-02 14:16:59.600073,3149,19
stcikunfqtg,2021-12-02 14:16:59.600081,3152,72
pojorcayudk,2021-12-02 14:16:59.600090,3155,53
xxqssipclde,2021-12-02 14:16:59.600099,3158,90
rxdieywboxh,2021-12-02 14:16:59.600107,3161,54
bcvnrlvlnai,2021-12-02 14:16:59.600116,3164,78
tklrhtogtprm,2021-12-02 14:16:59.600125,3167,94
csanyaallca,2021-12-02 14:16:59.600133,3170,19
oubbwvwbdt,2021-12-02 14:16:59.600141,3173,76
iftofsrvdcw,2021-12-02 14:16:59.600150,3176,72
deiewtoovphi,2021-12-02 14:16:59.600159,3179,42
tpeeqnybfaud,2021-12-02 14:16:59.600167,3182,97
qwajsdkspx,2021-12-02 14:16:59.600176,3185,46
kqnocmngae,2021-12-02 14:16:59.600184,3188,46
tpqmkokbcmn,2021-12-02 14:16:59.600192,3191,97
lnxzcazqpjhk,2021-12-02 14:16:59.600201,3194,81
kqfukdgfhy,2021-12-02 14:16:59.600209,3197,93
exzdlrmgcae,2021-12-02 14:16:59.600218,3200,44
rzdogsarhjar,2021-12-02 14:16:59.600227,3203,5
jtgeqbqygw,2021-12-02 14:16:59.600235,3206,92
hnisnkuivfq,2021-12-02 14:16:59.600243,3209,76
qvkbztiacszb,2021-12-02 14:16:59.600253,3212,7
fmyasrfiauli,2021-12-02 14:16:59.600261,3215,55
xcnidpjrfrr,2021-12-02 14:16:59.600270,3218,37
iyjtfrylxeo,2021-12-02 14:16:59.600278,3221,87
hxqudhkrdnqo,2021-12-02 14:16:59.600287,3224,13
yqkrypmyosa,2021-12-02 14:16:59.600295,3227,51
qbykggclepl,2021-12-02 14:16:59.600304,3230,59
joxymrkrdiwd,2021-12-02 14:16:59.600313,3233,69
sxuraumqeos,2021-12-02 14:16:59.600321,3236,42
indtlvyqmcxv,2021-12-02 14:16:59.600333,3239,30
rmlfkyyacluh,2021-12-02 14:16:59.600342,3242,77
aqndyapdxii,2021-12-02 14:16:59.600350,3245,93
aqofesfvlzyz,2021-12-02 14:16:59.600360,3248,49
tzxnzdwdpip,2021-12-02 14:16:59.600369,3251,36
tpavjdqcni,2021-12-02 14:16:59.600377,3254,47
hissxumpzfw,2021-12-02 14:16:59.600386,3257,91
wtobextculpn,2021-12-02 14:16:59.600394,3260,41
bzhvwzrxrx,2021-12-02 14:16:59.600402,3263,68
zfaychkiogs,2021-12-02 14:16:59.600411,3266,67
krmmhaddbid,2021-12-02 14:16:59.600420,3269,59
avncpsxjaao,2021-12-02 14:16:59.600428,3272,6
ovbxgmtmwm,2021-12-02 14:16:59.600436,3275,54
knwwybtiiual,2021-12-02 14:16:59.600447,3278,86
hkktojrnzjf,2021-12-02 14:16:59.600456,3281,19
mzefmmimac,2021-12-02 14:16:59.600465,3284,64
uwlybyuhpyd,2021-12-02 14:16:59.600473,3287,63
exxhtgziruk,2021-12-02 14:16:59.600506,3290,61
dobfwopjulms,2021-12-02 14:16:59.600516,3293,96
swumukhyoy,2021-12-02 14:16:59.600525,3296,58
kmyyeurfuz,2021-12-02 14:16:59.600534,3299,100
sbwqgnjomu,2021-12-02 14:16:59.600542,3302,90
oshgdpocmfqo,2021-12-02 14:16:59.600551,3305,62
decuoasamj,2021-12-02 14:16:59.600559,3308,21
bvghfmyordtm,2021-12-02 14:16:59.600568,3311,66
nwfgkxfoeg,2021-12-02 14:16:59.600576,3314,41
wlroleicvyfu,2021-12-02 14:16:59.600585,3317,16
whbfznfdmp,2021-12-02 14:16:59.600593,3320,98
bftgoydcljo,2021-12-02 14:16:59.600602,3323,11
ivsiiegohq,2021-12-02 14:16:59.600610,3326,32
kswewsirvxtg,2021-12-02 14:16:59.600619,3329,92
ivmvjkdjtr,2021-12-02 14:16:59.600627,3332,99
dfadarxjconz,2021-12-02 14:16:59.600636,3335,24
pkyovwnaadme,2021-12-02 14:16:59.600645,3338,38
gtqnimkecm,2021-12-02 14:16:59.600653,3341,72
zqociyphesn,2021-12-02 14:16:59.600661,3344,53
ufaflrkkais,2021-12-02 14:16:59.600670,3347,83
ggpphdweon,2021-12-02 14:16:59.600679,3350,41
ngrnibcdgtoq,2021-12-02 14:16:59.600687,3353,53
davlgoryhaxl,2021-12-02 14:16:59.600696,3356,5
rrgrwhvosn,2021-12-02 14:16:59.600704,3359,26
wmooqhnndlwt,2021-12-02 14:16:59.600713,3362,99
wbiqrzlywu,2021-12-02 14:16:59.600721,3365,39
dhiudmduuit,2021-12-02 14:16:59.600731,3368,28
xrdrufwmrm,2021-12-02 14:16:59.600739,3371,58
tfslowmubu,2021-12-02 14:16:59.600747,3374,89
nsmjpixxipnw,2021-12-02 14:16:59.600756,3377,7
zedbwddgidft,2021-12-02 14:16:59.600765,3380,25
ikudwwxopglm,2021-12-02 14:16:59.600774,3383,82
opgeyfbhbb,2021-12-02 14:16:59.600782,3386,10
xicykwplov,2021-12-02 14:16:59.600790,3389,66
gdircvfzldmo,2021-12-02 14:16:59.600799,3392,77
yyqboaxgpn,2021-12-02 14:16:59.600807,3395,100
inmcktyykc,2021-12-02 14:16:59.600815,3398,12
voolwnowlj,2021-12-02 14:16:59.600824,3401,46
nhinqqcymzbb,2021-12-02 14:16:59.600832,3404,63
ulumyaqdgsll,2021-12-02 14:16:59.600841,3407,62
qqunixgukwnx,2021-12-02 14:16:59.600850,3410,57
zmptwaztoev,2021-12-02 14:16:59.600862,3413,67
xgwmozplahu,2021-12-02 14:16:59.600871,3416,81
lfgnpswoqiq,2021-12-02 14:16:59.600879,3419,19
gwfiffaxcfg,2021-12-02 14:16:59.600888,3422,30
duecgrbfshx,2021-12-02 14:16:59.600896,3425,95
wminglyifdr,2021-12-02 14:16:59.600907,3428,80
kjzqthzmeqrg,2021-12-02 14:16:59.600916,3431,84
ioxtyjvvko,2021-12-02 14:16:59.600924,3434,94
bworyymemk,2021-12-02 14:16:59.600932,3437,96
aagqfixvvpe,2021-12-02 14:16:59.600941,3440,93
nyhfomnnxk,2021-12-02 14:16:59.600949,3443,78
aytbypgfret,2021-12-02 14:16:59.600958,3446,46
jktxagvjyj,2021-12-02 14:16:59.600966,3449,47
ltyzqpxevz,2021-12-02 14:16:59.600974,3452,75
niulktbcdzf,2021-12-02 14:16:59.600983,3455,7
mdiypfldxnq,2021-12-02 14:16:59.600991,3458,77
anoismpdgfvo,2021-12-02 14:16:59.601000,3461,2
qgoiryffqp,2021-12-02 14:16:59.601008,3464,3
fqfkijdphyk,2021-12-02 14:16:59.601017,3467,46
qrnnvcciav,2021-12-02 14:16:59.601025,3470,94
gabofqpulbai,2021-12-02 14:16:59.601034,3473,10
hdznduvedbuo,2021-12-02 14:16:59.601044,3476,53
rtahfqjcgn,2021-12-02 14:16:59.601052,3479,90
lfwtwunzvl,2021-12-02 14:16:59.601060,3482,67
rtxykheuda,2021-12-02 14:16:59.601069,3485,76
srchhgbgfnx,2021-12-02 14:16:59.601078,3488,42
dspvfktdba,2021-12-02 14:16:59.601086,3491,7
jjcqrgolafvk,2021-12-02 14:16:59.601095,3494,33
yuezwlhgdbwv,2021-12-02 14:16:59.601104,3497,10
myxafklqyyp,2021-12-02 14:16:59.601113,3500,23
bromwjtlwf,2021-12-02 14:16:59.601121,3503,29
uzfrkhzfmwl,2021-12-02 14:16:59.601130,3506,68
sgbeuechzmwx,2021-12-02 14:16:59.601138,3509,64
ynfswzdvsazb,2021-12-02 14:16:59.601147,3512,39
csblzltttrs,2021-12-02 14:16:59.601156,3515,96
cpixoxqjsy,2021-12-02 14:16:59.601164,3518,98
wjmqvwbtflj,2021-12-02 14:16:59.601172,3521,65
gihpdilemw,2021-12-02 14:16:59.601181,3524,34
uijmtlwwnlgv,2021-12-02 14:16:59.601190,3527,19
qnoosufuwdvv,2021-12-02 14:16:59.601199,3530,40
tvjopzusxbc,2021-12-02 14:16:59.601211,3533,91
bqqhrwyvwkcn,2021-12-02 14:16:59.601220,3536,35
hcwwvwlwpqxy,2021-12-02 14:16:59.601229,3539,64
dujhadhwzpk,2021-12-02 14:16:59.601238,3542,55
aqaxvtcyve,2021-12-02 14:16:59.601246,3545,36
hqkyfwxprw,2021-12-02 14:16:59.601254,3548,100
vhtyssqllad,2021-12-02 14:16:59.601263,3551,66
cdpoypavyned,2021-12-02 14:16:59.601272,3554,15
xmrsaivexh,2021-12-02 14:16:59.601280,3557,86
rukxzcosvze,2021-12-02 14:16:59.601289,3560,16
mkdelkvvuy,2021-12-02 14:16:59.601297,3563,1
depyewsdkxg,2021-12-02 14:16:59.601306,3566,96
xwlwznbqzkmj,2021-12-02 14:16:59.601315,3569,92
ulgczeqppxh,2021-12-02 14:16:59.601323,3572,94
vcnpbropdglg,2021-12-02 14:16:59.601332,3575,30
blrsejnzhtcr,2021-12-02 14:16:59.601341,3578,4
nminmutwzwhr,2021-12-02 14:16:59.601350,3581,47
ltkghhxxqyrl,2021-12-02 14:16:59.601359,3584,42
hevyoyhruepc,2021-12-02 14:16:59.601368,3587,50
ljbcpjnwdc,2021-12-02 14:16:59.601376,3590,14
vwzzwywgqi,2021-12-02 14:16:59.601384,3593,44
prisguavgh,2021-12-02 14:16:59.601392,3596,63
kdlhcrbmuitp,2021-12-02 14:16:59.601402,3599,74
nznpenooefi,2021-12-02 14:16:59.601410,3602,90
mfwnmpaklq,2021-12-02 14:16:59.601419,3605,36
vzuxphwpchj,2021-12-02 14:16:59.601427,3608,95
ruqejczijq,2021-12-02 14:16:59.601435,3611,9
hdttpekynlmy,2021-12-02 14:16:59.601444,3614,49
greaqeoggfm,2021-12-02 14:16:59.601453,3617,77
nozyhzwgibw,2021-12-02 14:16:59.601462,3620,79
vpmfgaahpxp,2021-12-02 14:16:59.601470,3623,45
horedwahkok,2021-12-02 14:16:59.601479,3626,75
mmfzyeagssjp,2021-12-02 14:16:59.601488,3629,22
lhwmtvwdemw,2021-12-02 14:16:59.601496,3632,51
wptttprmck,2021-12-02 14:16:59.601504,3635,11
tyixfzitfz,2021-12-02 14:16:59.601513,3638,42
mydrpnjuhei,2021-12-02 14:16:59.601521,3641,26
rnigxriymmp,2021-12-02 14:16:59.601530,3644,79
szisrlhnvu,2021-12-02 14:16:59.601538,3647,49
lbxkpzcrlo,2021-12-02 14:16:59.601546,3650,32
ftwcazzaukuo,2021-12-02 14:16:59.601555,3653,89
uzkwzeqrcs,2021-12-02 14:16:59.601563,3656,66
pgahzkjsyshr,2021-12-02 14:16:59.601572,3659,32
enxtzagqxq,2021-12-02 14:16:59.601580,3662,73
zjcthzkhmx,2021-12-02 14:16:59.601588,3665,95
ibsnxjaaci,2021-12-02 14:16:59.601596,3668,77
hahjstfeegp,2021-12-02 14:16:59.601605,3671,46
yxnohkemgwbn,2021-12-02 14:16:59.601614,3674,14
aokjgwcmrelj,2021-12-02 14:16:59.601622,3677,2
crtfnomyspy,2021-12-02 14:16:59.601631,3680,16
ywabmviwic,2021-12-02 14:16:59.601639,3683,36
xwckxopird,2021-12-02 14:16:59.601647,3686,10
popmqydftea,2021-12-02 14:16:59.601656,3689,29
iqeflfudwaiz,2021-12-02 14:16:59.601665,3692,13
xhgagixffhf,2021-12-02 14:16:59.601673,3695,70
bvyqqztpxez,2021-12-02 14:16:59.601682,3698,87
hyuamzzocbdv,2021-12-02 14:16:59.601691,3701,31
tmjchmmnrs,2021-12-02 14:16:59.601699,3704,58
ywyznyqvizm,2021-12-02 14:16:59.601708,3707,91
xunitsfqoh,2021-12-02 14:16:59.601716,3710,60
jfclartbesqj,2021-12-02 14:16:59.601725,3713,36
tzjnopfihem,2021-12-02 14:16:59.601733,3716,4
zxmoadvvjs,2021-12-02 14:16:59.601742,3719,68
uzimnzgeath,2021-12-02 14:16:59.601751,3722,6
jpqctyphad,2021-12-02 14:16:59.601759,3725,68
osyhcbpkzca,2021-12-02 14:16:59.601768,3728,79
lkeqdmskswsp,2021-12-02 14:16:59.601776,3731,65
eonbtullmy,2021-12-02 14:16:59.601785,3734,21
hrrvhizkji,2021-12-02 14:16:59.601793,3737,82
rtekyxjehyzc,2021-12-02 14:16:59.601802,3740,77
semmpixejg,2021-12-02 14:16:59.601810,3743,53
invwabwlou,2021-12-02 14:16:59.601818,3746,52
znrnlumirgm,2021-12-02 14:16:59.601827,3749,25
wspkuqrnhr,2021-12-02 14:16:59.601835,3752,91
niutdqutvdhc,2021-12-02 14:16:59.601844,3755,72
wtlffauerso,2021-12-02 14:16:59.601853,3758,82
wuenwepktaon,2021-12-02 14:16:59.601862,3761,15
hpxpcudedbgc,2021-12-02 14:16:59.601871,3764,37
sqjgytgjqt,2021-12-02 14:16:59.601879,3767,96
xsbzxftodro,2021-12-02 14:16:59.601888,3770,33
ngsecivupy,2021-12-02 14:16:59.601896,3773,11
fjlnklewyksr,2021-12-02 14:16:59.601905,3776,72
vicpjakzokbc,2021-12-02 14:16:59.601914,3779,99
wdgtoqrrpgsj,2021-12-02 14:16:59.601923,3782,73
euudqzxvnwdh,2021-12-02 14:16:59.601932,3785,28
eqhilrfzxm,2021-12-02 14:16:59.601940,3788,89
eubimuunvcul,2021-12-02 14:16:59.601949,3791,16
mcvtdnsmldk,2021-12-02 14:16:59.601958,3794,86
kirgdezjztbj,2021-12-02 14:16:59.601966,3797,82
vgluppcxog,2021-12-02 14:16:59.601975,3800,17
ctfzopjtnq,2021-12-02 14:16:59.601983,3803,77
brkkcacpudk,2021-12-02 14:16:59.601994,3806,72
fuowldmlocop,2021-12-02 14:16:59.602003,3809,78
ffjnfxxsgpeu,2021-12-02 14:16:59.602012,3812,42
wdywofhwblp,2021-12-02 14:16:59.602021,3815,2
upugqwtmmfe,2021-12-02 14:16:59.602029,3818,21
cijzhkjxffw,2021-12-02 14:16:59.602038,3821,15
jbudzqpsfror,2021-12-02 14:16:59.602047,3824,63
oqgklsmlos,2021-12-02 14:16:59.602055,3827,52
pytwlbexcxx,2021-12-02 14:16:59.602064,3830,97
lumkivllus,2021-12-02 14:16:59.602072,3833,52
vsighpugfrkz,2021-12-02 14:16:59.602081,3836,21
kpsujzirwap,2021-12-02 14:16:59.602090,3839,2
ksmmxrspwjyk,2021-12-02 14:16:59.602099,3842,99
xftnmugpiei,2021-12-02 14:16:59.602107,3845,3
difhungcmb,2021-12-02 14:16:59.602115,3848,55
cbortihtjd,2021-12-02 14:16:59.602124,3851,41
ebcikpcezfaf,2021-12-02 14:16:59.602133,3854,84
bspccdqzfxg,2021-12-02 14:16:59.602141,3857,69
spyfcijlsrx,2021-12-02 14:16:59.602150,3860,62
lrdsgfpnpp,2021-12-02 14:16:59.602159,3863,10
vcwovyxylek,2021-12-02 14:16:59.602168,3866,33
erkamuqccj,2021-12-02 14:16:59.602176,3869,46
dlgxwfuldn,2021-12-02 14:16:59.602184,3872,27
hfzvvmeokkz,2021-12-02 14:16:59.602193,3875,8
smtwtbuoud,2021-12-02 14:16:59.602201,3878,34
hduayxonxcr,2021-12-02 14:16:59.602210,3881,66
ewhihmtoiohu,2021-12-02 14:16:59.602219,3884,82
qwhcvgqyba,2021-12-02 14:16:59.602227,3887,82
bfqeverstsr,2021-12-02 14:16:59.602236,3890,60
ututdwraygcj,2021-12-02 14:16:59.602245,3893,26
kmuvqoashcwi,2021-12-02 14:16:59.602254,3896,96
rudvmdcnkeai,2021-12-02 14:16:59.602263,3899,17
mscggpjqape,2021-12-02 14:16:59.602271,3902,77
sozrcspawxe,2021-12-02 14:16:59.602280,3905,12
qhfgvigwkhg,2021-12-02 14:16:59.602289,3908,98
lprofwcvvr,2021-12-02 14:16:59.602297,3911,19
qfzpwwiwpnc,2021-12-02 14:16:59.602305,3914,83
mzuoeexyeio,2021-12-02 14:16:59.602314,3917,63
nwgerqodjdui,2021-12-02 14:16:59.602323,3920,30
xirigcpkgwq,2021-12-02 14:16:59.602332,3923,34
ocoiptwakry,2021-12-02 14:16:59.602341,3926,37
lqiqzhuvkny,2021-12-02 14:16:59.602349,3929,79
mhhyisgxxpe,2021-12-02 14:16:59.602358,3932,52
zuawvejwqql,2021-12-02 14:16:59.602368,3935,51
kqvwjfqqkkwk,2021-12-02 14:16:59.602377,3938,24
zaddzurjmqt,2021-12-02 14:16:59.602386,3941,48
nvfiydxsjgsu,2021-12-02 14:16:59.602396,3944,94
yjzbydthfai,2021-12-02 14:16:59.602404,3947,93
hccbynxmjd,2021-12-02 14:16:59.602413,3950,13
glebxptxvm,2021-12-02 14:16:59.602421,3953,13
splrvkgrvb,2021-12-02 14:16:59.602429,3956,39
klwqnvdgocj,2021-12-02 14:16:59.602438,3959,17
yhksefkxtnf,2021-12-02 14:16:59.602447,3962,74
ucmqssktwpn,2021-12-02 14:16:59.602455,3965,67
ymsgbszhfya,2021-12-02 14:16:59.602464,3968,47
kpylccezzts,2021-12-02 14:16:59.602473,3971,53
csttwilplp,2021-12-02 14:16:59.602481,3974,91
quewyvkhby,2021-12-02 14:16:59.602489,3977,36
padhixnaojv,2021-12-02 14:16:59.602498,3980,17
iyoqcegeykun,2021-12-02 14:16:59.602507,3983,22
ecwopoejjitp,2021-12-02 14:16:59.602516,3986,35
sppweasmwtd,2021-12-02 14:16:59.602525,3989,54
rkxzontgbhdu,2021-12-02 14:16:59.602534,3992,3
uzwmxninkcyj,2021-12-02 14:16:59.602545,3995,30
igjhyoavia,2021-12-02 14:16:59.602554,3998,53
ceuidsavpqiv,2021-12-02 14:16:59.602563,4001,87
anajnbjrip,2021-12-02 14:16:59.602571,4004,53
plnwwvsrobyp,2021-12-02 14:16:59.602580,4007,42
twokibxtwww,2021-12-02 14:16:59.602589,4010,19
uqvsrvnjcbgh,2021-12-02 14:16:59.602598,4013,8
fyfeefsrjl,2021-12-02 14:16:59.602606,4016,26
bwmrlwdzuv,2021-12-02 14:16:59.602614,4019,4
sggjgqsssus,2021-12-02 14:16:59.602623,4022,93
lyqfmtzwulm,2021-12-02 14:16:59.602631,4025,90
yznqyjjxej,2021-12-02 14:16:59.602639,4028,34
vgbiyfhgompy,2021-12-02 14:16:59.602648,4031,47
zrblpcflip,2021-12-02 14:16:59.602656,4034,41
cnlfrnemalg,2021-12-02 14:16:59.602665,4037,68
iiqfndmlyqo,2021-12-02 14:16:59.602674,4040,25
ojhmhrtring,2021-12-02 14:16:59.602686,4043,23
nucmybdxof,2021-12-02 14:16:59.602694,4046,8
mhcjwpmoieqc,2021-12-02 14:16:59.602703,4049,53
fybioiofwdod,2021-12-02 14:16:59.602713,4052,84
pmsnjmhnrj,2021-12-02 14:16:59.602721,4055,41
jlqpsurrft,2021-12-02 14:16:59.602730,4058,99
tvhgemkvdqm,2021-12-02 14:16:59.602738,4061,16
vepvoflpmrcy,2021-12-02 14:16:59.602747,4064,2
nppmyimwaf,2021-12-02 14:16:59.602756,4067,97
mdmvyxkttab,2021-12-02 14:16:59.602764,4070,58
ztpywgwwjgz,2021-12-02 14:16:59.602773,4073,33
uhwxzmrlllln,2021-12-02 14:16:59.602782,4076,46
bayvujikakiw,2021-12-02 14:16:59.602791,4079,43
yeafxmoidrdc,2021-12-02 14:16:59.602800,4082,98
icpphpaanc,2021-12-02 14:16:59.602808,4085,9
hrlbsgjnfshl,2021-12-02 14:16:59.602817,4088,52
whtioyicggg,2021-12-02 14:16:59.602825,4091,93
kgucibkwpxo,2021-12-02 14:16:59.602834,4094,8
ipeemwzxxwt,2021-12-02 14:16:59.602842,4097,62
fedintjsqlc,2021-12-02 14:16:59.602851,4100,25
rtwbpvcmyn,2021-12-02 14:16:59.602859,4103,91
cnotkkpplzz,2021-12-02 14:16:59.602868,4106,44
zenfpgudvo,2021-12-02 14:16:59.602876,4109,98
uismpyzplj,2021-12-02 14:16:59.602884,4112,28
sxbqabtzry,2021-12-02 14:16:59.602893,4115,14
lkplkafpwsl,2021-12-02 14:16:59.602901,4118,72
zgoupxdorlkp,2021-12-02 14:16:59.602910,4121,36
khfzfqlyhcfl,2021-12-02 14:16:59.602919,4124,94
vusuddnwaqo,2021-12-02 14:16:59.602928,4127,25
hjkewqiitd,2021-12-02 14:16:59.602936,4130,35
qnxtnpkwixud,2021-12-02 14:16:59.602945,4133,97
mlbnxpekbnop,2021-12-02 14:16:59.602954,4136,74
xnqncvkozdl,2021-12-02 14:16:59.602962,4139,10
esslraoqpx,2021-12-02 14:16:59.602970,4142,70
jpjjkobgez,2021-12-02 14:16:59.602979,4145,81
chnvzfmkep,2021-12-02 14:16:59.602987,4148,34
ykycolmiwb,2021-12-02 14:16:59.602995,4151,50
uzwvigdzgtoh,2021-12-02 14:16:59.603004,4154,64
swrgvzgtju,2021-12-02 14:16:59.603012,4157,73
eyuxquuesdgp,2021-12-02 14:16:59.603021,4160,20
bqspvgdubt,2021-12-02 14:16:59.603029,4163,18
emilfslsuu,2021-12-02 14:16:59.603037,4166,12
jfajffnjab,2021-12-02 14:16:59.603046,4169,59
qejwyxbzoai,2021-12-02 14:16:59.603054,4172,34
ewdngfvaxiu,2021-12-02 14:16:59.603063,4175,59
hcyfrhwqpd,2021-12-02 14:16:59.603072,4178,26
swhbggzlowyy,2021-12-02 14:16:59.603081,4181,24
vnctghlpvvuh,2021-12-02 14:16:59.603090,4184,38
dfakrbeash,2021-12-02 14:16:59.603098,4187,26
gnmulztxij,2021-12-02 14:16:59.603107,4190,13
eivqfjlsfxda,2021-12-02 14:16:59.603116,4193,64
hphjqpmoflr,2021-12-02 14:16:59.603124,4196,37
meqbjhnlvz,2021-12-02 14:16:59.603132,4199,72
hspbqzqbors,2021-12-02 14:16:59.603141,4202,62
loolkvbqyufx,2021-12-02 14:16:59.603150,4205,36
qptftlndps,2021-12-02 14:16:59.603158,4208,76
ylcdvhqzmqbz,2021-12-02 14:16:59.603167,4211,35
sefnwtwbpzh,2021-12-02 14:16:59.603175,4214,18
edajefoqnjkl,2021-12-02 14:16:59.603184,4217,33
bmkdggorvwbr,2021-12-02 14:16:59.603193,4220,26
bmvntwihjxj,2021-12-02 14:16:59.603201,4223,42
hbucyyospv,2021-12-02 14:16:59.603210,4226,33
hytpnwemev,2021-12-02 14:16:59.603218,4229,75
vhhqnzyvbvth,2021-12-02 14:16:59.603227,4232,57
aevhpzrgilzv,2021-12-02 14:16:59.603236,4235,62
rfmehnxbkowc,2021-12-02 14:16:59.603244,4238,32
iaxomvqwkwh,2021-12-02 14:16:59.603253,4241,12
slvkaydivt,2021-12-02 14:16:59.603261,4244,30
khiyrfcsmgq,2021-12-02 14:16:59.603270,4247,100
kcteixhxdzrl,2021-12-02 14:16:59.603278,4250,73
cxpoltesntg,2021-12-02 14:16:59.603287,4253,45
lfylyoywww,2021-12-02 14:16:59.603295,4256,88
ljirsgyrhtiw,2021-12-02 14:16:59.603304,4259,39
lrgrwritqvnt,2021-12-02 14:16:59.603313,4262,78
unlhdpanrkol,2021-12-02 14:16:59.603322,4265,7
bqkczmbmnet,2021-12-02 14:16:59.603331,4268,62
jpozxeyikmr,2021-12-02 14:16:59.603340,4271,100
ynlijosdkki,2021-12-02 14:16:59.603349,4274,90
jswutohgaelb,2021-12-02 14:16:59.603358,4277,11
ltvegthtwh,2021-12-02 14:16:59.603366,4280,77
twmbqnzjut,2021-12-02 14:16:59.603374,4283,80
nmnffcndiygu,2021-12-02 14:16:59.603383,4286,35
spkicztwitr,2021-12-02 14:16:59.603392,4289,42
eelbyfbqptig,2021-12-02 14:16:59.603402,4292,14
kpgnmjxotckx,2021-12-02 14:16:59.603411,4295,65
lreuwmqibnj,2021-12-02 14:16:59.603419,4298,93
qwxxddtubr,2021-12-02 14:16:59.603428,4301,47
wophzpjwyxlv,2021-12-02 14:16:59.603437,4304,34
nzvsviivnat,2021-12-02 14:16:59.603446,4307,35
takkchlmvmu,2021-12-02 14:16:59.603454,4310,41
umuerzycrwmt,2021-12-02 14:16:59.603463,4313,58
zgnxivgzhwds,2021-12-02 14:16:59.603472,4316,86
dcutsvmaajw,2021-12-02 14:16:59.603480,4319,3
urqqkhggfivg,2021-12-02 14:16:59.603489,4322,71
xzvtalectdr,2021-12-02 14:16:59.603498,4325,9
zoskyfegfpa,2021-12-02 14:16:59.603506,4328,34
bmcdzfpgtgs,2021-12-02 14:16:59.603515,4331,48
rpmxvpyjdgsq,2021-12-02 14:16:59.603524,4334,54
pakcckvexf,2021-12-02 14:16:59.603532,4337,12
lynzdoohshu,2021-12-02 14:16:59.603541,4340,93
cfhavcggfgmb,2021-12-02 14:16:59.603549,4343,90
frfwmgajcz,2021-12-02 14:16:59.603558,4346,69
szkpggmlqd,2021-12-02 14:16:59.603566,4349,1
zfeszksoqbe,2021-12-02 14:16:59.603575,4352,48
ztmwszghgan,2021-12-02 14:16:59.603583,4355,18
baqxpeblpwn,2021-12-02 14:16:59.603592,4358,18
ugsjavvgvu,2021-12-02 14:16:59.603600,4361,12
iyzcdjjaqrvg,2021-12-02 14:16:59.603609,4364,26
nuhiagnzhve,2021-12-02 14:16:59.603617,4367,59
ijuyhakwdhyo,2021-12-02 14:16:59.603627,4370,86
kcwbnwjnfbna,2021-12-02 14:16:59.603638,4373,4
pqbpmqogsaj,2021-12-02 14:16:59.603646,4376,3
rfhxazhhjii,2021-12-02 14:16:59.603655,4379,43
xqmtnquxtjdy,2021-12-02 14:16:59.603664,4382,70
ayzfbbwdcn,2021-12-02 14:16:59.603672,4385,20
seghnuayra,2021-12-02 14:16:59.603680,4388,55
afqlljxzub,2021-12-02 14:16:59.603689,4391,8
nucjmtaqwt,2021-12-02 14:16:59.603697,4394,48
jcwkcaqpbo,2021-12-02 14:16:59.603705,4397,14
gpiyxdqjdx,2021-12-02 14:16:59.603713,4400,79
tiwfnxpehxzu,2021-12-02 14:16:59.603722,4403,76
sueiddzzazgm,2021-12-02 14:16:59.603731,4406,99
yitamiacuxxh,2021-12-02 14:16:59.603740,4409,26
fsrznyvljfj,2021-12-02 14:16:59.603749,4412,26
bfzjsveqmzf,2021-12-02 14:16:59.603757,4415,17
oyvtialzyhik,2021-12-02 14:16:59.603766,4418,98
dynaitwaua,2021-12-02 14:16:59.603775,4421,2
behzqocdvw,2021-12-02 14:16:59.603783,4424,47
tcdkefsyrpvz,2021-12-02 14:16:59.603792,4427,47
pvkezzsuai,2021-12-02 14:16:59.603800,4430,94
pmnviqgfqueo,2021-12-02 14:16:59.603809,4433,20
qampveejcxl,2021-12-02 14:16:59.603818,4436,86
yrkjnvfximtc,2021-12-02 14:16:59.603827,4439,2
njxelbenygor,2021-12-02 14:16:59.603839,4442,16
zusysrbcfltr,2021-12-02 14:16:59.603848,4445,75
qqlcpcjzdfx,2021-12-02 14:16:59.603857,4448,38
esmwodpigok,2021-12-02 14:16:59.603866,4451,37
bugxbqnxcju,2021-12-02 14:16:59.603874,4454,8
wexwckytace,2021-12-02 14:16:59.603883,4457,98
bideucbwqxtl,2021-12-02 14:16:59.603892,4460,35
awunwwuwhk,2021-12-02 14:16:59.603900,4463,9
xcpwjhjorm,2021-12-02 14:16:59.603908,4466,3
nzkfvxjjqzy,2021-12-02 14:16:59.603916,4469,35
uxlizyysqmbs,2021-12-02 14:16:59.603925,4472,1
bxcmaoyickv,2021-12-02 14:16:59.603933,4475,97
xoafbqhcvuj,2021-12-02 14:16:59.603942,4478,45
pdeozozqvex,2021-12-02 14:16:59.603951,4481,39
ahrqeitama,2021-12-02 14:16:59.603959,4484,60
nbpjadkkpsxv,2021-12-02 14:16:59.603968,4487,6
qilljioscagd,2021-12-02 14:16:59.603977,4490,10
rocdoljarzc,2021-12-02 14:16:59.603985,4493,23
bvrgulbsri,2021-12-02 14:16:59.603993,4496,21
dythcodoybhd,2021-12-02 14:16:59.604003,4499,52
zbqnpligckrp,2021-12-02 14:16:59.604012,4502,76
qvnoqxblhm,2021-12-02 14:16:59.604020,4505,58
jqospczeqwq,2021-12-02 14:16:59.604029,4508,95
glqcpbejcoy,2021-12-02 14:16:59.604038,4511,27
qgvqrdvfuaxu,2021-12-02 14:16:59.604047,4514,23
jrnywrohoy,2021-12-02 14:16:59.604055,4517,5
ktxddtiotxz,2021-12-02 14:16:59.604064,4520,58
jxvgkxtnsywv,2021-12-02 14:16:59.604073,4523,55
jcxlnniawl,2021-12-02 14:16:59.604082,4526,70
vzzpuemxmclf,2021-12-02 14:16:59.604091,4529,12
bigtmwlxclkl,2021-12-02 14:16:59.604100,4532,54
xsxkayzmwn,2021-12-02 14:16:59.604108,4535,50
jhwszdphets,2021-12-02 14:16:59.604116,4538,40
zqjzwwlpsmip,2021-12-02 14:16:59.604125,4541,55
skbpkrfgcenw,2021-12-02 14:16:59.604134,4544,55
hjdmdwgcra,2021-12-02 14:16:59.604142,4547,99
mkuvtvjwcvh,2021-12-02 14:16:59.604151,4550,81
wrbfsamwkph,2021-12-02 14:16:59.604163,4553,7
fenrwwggittk,2021-12-02 14:16:59.604172,4556,83
qcypfrtbpzv,2021-12-02 14:16:59.604181,4559,68
fwdrxmggcaxx,2021-12-02 14:16:59.604190,4562,82
koraahntfwaq,2021-12-02 14:16:59.604199,4565,40
usxugwkfjp,2021-12-02 14:16:59.604207,4568,81
nwrngdrvcyng,2021-12-02 14:16:59.604216,4571,73
fjogipmlcunx,2021-12-02 14:16:59.604225,4574,14
javkcxtmgwm,2021-12-02 14:16:59.604233,4577,12
mykrtqdkkp,2021-12-02 14:16:59.604242,4580,71
zrtaxwgtlvl,2021-12-02 14:16:59.604250,4583,15
lymoptjdnvc,2021-12-02 14:16:59.604259,4586,45
colattzokuy,2021-12-02 14:16:59.604268,4589,13
wpdavmhobn,2021-12-02 14:16:59.604276,4592,11
dgnksfcfpac,2021-12-02 14:16:59.604285,4595,10
cfexhjcbrkvw,2021-12-02 14:16:59.604294,4598,93
fsyhdquqnby,2021-12-02 14:16:59.604303,4601,68
anlqyaazpggb,2021-12-02 14:16:59.604312,4604,56
hyavkwwyjt,2021-12-02 14:16:59.604320,4607,36
crijbyfqscy,2021-12-02 14:16:59.604329,4610,55
fpglnierjlb,2021-12-02 14:16:59.604337,4613,26
ggnmaradey,2021-12-02 14:16:59.604346,4616,84
lkvivpqhocdp,2021-12-02 14:16:59.604355,4619,18
nrouosyqmf,2021-12-02 14:16:59.604363,4622,52
aqwjajjbrt,2021-12-02 14:16:59.604371,4625,97
zvaxieeehq,2021-12-02 14:16:59.604380,4628,36
cdfjvuusekt,2021-12-02 14:16:59.604389,4631,38
wbhpbncymrau,2021-12-02 14:16:59.604398,4634,32
tdgookznct,2021-12-02 14:16:59.604406,4637,83
demkkcbkyf,2021-12-02 14:16:59.604415,4640,20
eksrwdeypbrb,2021-12-02 14:16:59.604424,4643,21
furhvpdanvmp,2021-12-02 14:16:59.604432,4646,23
xxbvldpzdz,2021-12-02 14:16:59.604441,4649,87
vktmewnicbr,2021-12-02 14:16:59.604449,4652,82
danpaeeewpt,2021-12-02 14:16:59.604458,4655,56
koshxruyzu,2021-12-02 14:16:59.604466,4658,44
qjtlwpyrqcem,2021-12-02 14:16:59.604475,4661,99
odxuisqiah,2021-12-02 14:16:59.604486,4664,2
wenmnksrayu,2021-12-02 14:16:59.604494,4667,53
edyjmjdwqi,2021-12-02 14:16:59.604503,4670,87
kvbrptmsfmce,2021-12-02 14:16:59.604541,4673,66
jccxxdjkrum,2021-12-02 14:16:59.604553,4676,34
riyoasfqorq,2021-12-02 14:16:59.604562,4679,34
jlqfitcsatf,2021-12-02 14:16:59.604570,4682,67
bluukbixbuaw,2021-12-02 14:16:59.604579,4685,21
bbgnhdaxadvd,2021-12-02 14:16:59.604588,4688,42
qrfzpvdgyh,2021-12-02 14:16:59.604596,4691,28
fdokimkavr,2021-12-02 14:16:59.604605,4694,66
zqzckhvfsfyc,2021-12-02 14:16:59.604614,4697,72
lzhrlcfcaff,2021-12-02 14:16:59.604622,4700,37
mgsykgfrqtb,2021-12-02 14:16:59.604631,4703,87
ebqxmjjbou,2021-12-02 14:16:59.604639,4706,51
wofyetwmub,2021-12-02 14:16:59.604647,4709,63
uatlsuzmtuja,2021-12-02 14:16:59.604656,4712,76
qmzlxoqjujk,2021-12-02 14:16:59.604665,4715,77
iyoocrsewj,2021-12-02 14:16:59.604673,4718,6
pgqlhophsdtc,2021-12-02 14:16:59.604682,4721,31
kothadlbgw,2021-12-02 14:16:59.604691,4724,48
ntuhiyvlzj,2021-12-02 14:16:59.604699,4727,73
bjlzmlzapkgr,2021-12-02 14:16:59.604708,4730,82
oxtsczeqmmbw,2021-12-02 14:16:59.604716,4733,17
hjdqnspsfmx,2021-12-02 14:16:59.604726,4736,46
delhpaiaqi,2021-12-02 14:16:59.604734,4739,18
hphhqlriqfy,2021-12-02 14:16:59.604743,4742,74
mpryvbbljlk,2021-12-02 14:16:59.604751,4745,48
kuyuegmkka,2021-12-02 14:16:59.604759,4748,17
ymguczrbxfzw,2021-12-02 14:16:59.604771,4751,38
plvimugwtsoc,2021-12-02 14:16:59.604781,4754,86
xmetfaaxbvs,2021-12-02 14:16:59.604789,4757,72
hmxbjvwqkw,2021-12-02 14:16:59.604798,4760,73
ujyjzcaxmuw,2021-12-02 14:16:59.604806,4763,25
gddoxnabfcm,2021-12-02 14:16:59.604815,4766,44
oasebrwgny,2021-12-02 14:16:59.604823,4769,84
ugoxrjlbjxir,2021-12-02 14:16:59.604832,4772,59
odiidzecgunu,2021-12-02 14:16:59.604841,4775,75
fhodvlknlvv,2021-12-02 14:16:59.604850,4778,42
xxbhmcfmic,2021-12-02 14:16:59.604858,4781,9
dqkfrynlwxpy,2021-12-02 14:16:59.604867,4784,81
tufsmtvpsgsg,2021-12-02 14:16:59.604876,4787,100
knqrbslzea,2021-12-02 14:16:59.604884,4790,9
eichzyyrpvha,2021-12-02 14:16:59.604893,4793,76
okjlyefrye,2021-12-02 14:16:59.604901,4796,97
qmeaveqptut,2021-12-02 14:16:59.604910,4799,74
tbmpzfqpygir,2021-12-02 14:16:59.604919,4802,81
cajcfugqzrt,2021-12-02 14:16:59.604927,4805,1
eobjcugpgk,2021-12-02 14:16:59.604936,4808,85
rbwwlgdfpfgy,2021-12-02 14:16:59.604944,4811,97
seozdtumqv,2021-12-02 14:16:59.604953,4814,14
gloiksktay,2021-12-02 14:16:59.604961,4817,26
zarrwghzhmz,2021-12-02 14:16:59.604969,4820,24
lfdzkzwjfpr,2021-12-02 14:16:59.604978,4823,98
kpjliokmzhge,2021-12-02 14:16:59.604987,4826,44
ftnmsvaqhw,2021-12-02 14:16:59.604995,4829,22
pjrtzsjaik,2021-12-02 14:16:59.605003,4832,68
txvlwjnnuaed,2021-12-02 14:16:59.605013,4835,44
wmlolqxcghe,2021-12-02 14:16:59.605021,4838,96
jgitovfylhl,2021-12-02 14:16:59.605030,4841,8
zzqapcbgetn,2021-12-02 14:16:59.605038,4844,90
qpueyzejukon,2021-12-02 14:16:59.605047,4847,45
lsvwjzszngp,2021-12-02 14:16:59.605055,4850,21
srubexfbiy,2021-12-02 14:16:59.605064,4853,44
hbfdnnhzoi,2021-12-02 14:16:59.605072,4856,7
gkqlxxuwaq,2021-12-02 14:16:59.605080,4859,3
myctvrtfyt,2021-12-02 14:16:59.605088,4862,28
mapyeeqrvrc,2021-12-02 14:16:59.605097,4865,95
twthywbmcv,2021-12-02 14:16:59.605105,4868,30
cmpmwyvwvak,2021-12-02 14:16:59.605113,4871,63
zxujocpwuyw,2021-12-02 14:16:59.605123,4874,1
zehxjycovul,2021-12-02 14:16:59.605131,4877,69
tofaaoyohm,2021-12-02 14:16:59.605140,4880,54
nlsxwvxrxkkd,2021-12-02 14:16:59.605149,4883,35
fmbclpazci,2021-12-02 14:16:59.605157,4886,10
rwekyjladse,2021-12-02 14:16:59.605166,4889,21
fmzewrhbtwtu,2021-12-02 14:16:59.605175,4892,67
oqpwazaljpf,2021-12-02 14:16:59.605183,4895,11
mwwkugjbdvct,2021-12-02 14:16:59.605192,4898,52
jtblcazrgbdy,2021-12-02 14:16:59.605201,4901,34
dyajynisobuj,2021-12-02 14:16:59.605209,4904,21
bzonawyfpwv,2021-12-02 14:16:59.605218,4907,31
pircfrtcoult,2021-12-02 14:16:59.605227,4910,98
shkxtyococm,2021-12-02 14:16:59.605235,4913,60
zsijqpngmdw,2021-12-02 14:16:59.605244,4916,64
bpkouwabed,2021-12-02 14:16:59.605252,4919,81
defouewosgv,2021-12-02 14:16:59.605261,4922,93
ufuglsxmam,2021-12-02 14:16:59.605269,4925,37
huokqqsuhk,2021-12-02 14:16:59.605277,4928,9
ounefdfyfgmk,2021-12-02 14:16:59.605286,4931,33
zppmvmgyjbzc,2021-12-02 14:16:59.605295,4934,26
mpnitmfcwfvg,2021-12-02 14:16:59.605304,4937,74
mxplxurawlzw,2021-12-02 14:16:59.605315,4940,63
gstwrvlynv,2021-12-02 14:16:59.605324,4943,100
evdayvdsdrqe,2021-12-02 14:16:59.605333,4946,70
mlafrcrdcktl,2021-12-02 14:16:59.605342,4949,21
esiqrpjbqs,2021-12-02 14:16:59.605352,4952,69
mwxpcbksbur,2021-12-02 14:16:59.605361,4955,31
wfnzrskubdzm,2021-12-02 14:16:59.605370,4958,41
zyakjmhvnbb,2021-12-02 14:16:59.605378,4961,97
sxmxfmzqguu,2021-12-02 14:16:59.605387,4964,69
dnywnpjzqx,2021-12-02 14:16:59.605395,4967,53
mriqhagwlttt,2021-12-02 14:16:59.605404,4970,56
rbysavchhf,2021-12-02 14:16:59.605412,4973,44
urmjawglvpp,2021-12-02 14:16:59.605421,4976,71
taerzxfosbqb,2021-12-02 14:16:59.605430,4979,53
flcadbmtkg,2021-12-02 14:16:59.605438,4982,15
wivcavgsagod,2021-12-02 14:16:59.605447,4985,29
dgltcjanho,2021-12-02 14:16:59.605456,4988,81
yqkekshxacj,2021-12-02 14:16:59.605465,4991,96
ydzyljvcivaq,2021-12-02 14:16:59.605473,4994,37
fqugtkfvwaj,2021-12-02 14:16:59.605482,4997,99
hldfbsfwwx,2021-12-02 14:16:59.605490,5000,10
cgzjrazudoq,2021-12-02 14:16:59.605499,5003,60
mfmcxovjfef,2021-12-02 14:16:59.605508,5006,14
vukkapaple,2021-12-02 14:16:59.605516,5009,30
yvcwcolgrvps,2021-12-02 14:16:59.605525,5012,28
hjfgehqfhh,2021-12-02 14:16:59.605533,5015,86
mluzjmlfjm,2021-12-02 14:16:59.605542,5018,32
zvskivtairqx,2021-12-02 14:16:59.605550,5021,28
kdjipkzbkfw,2021-12-02 14:16:59.605559,5024,25
zxgulkpalb,2021-12-02 14:16:59.605567,5027,80
ugvawrajgko,2021-12-02 14:16:59.605576,5030,38
wpzrxnjqrjx,2021-12-02 14:16:59.605584,5033,6
yztatgdlugyc,2021-12-02 14:16:59.605593,5036,79
swepuxobjyl,2021-12-02 14:16:59.605602,5039,4
potpyysgdjqp,2021-12-02 14:16:59.605625,5042,89
mthulsodfdi,2021-12-02 14:16:59.605635,5045,67
hnwincdhos,2021-12-02 14:16:59.605643,5048,56
blodsqqskmmq,2021-12-02 14:16:59.605653,5051,95
jcuzeystef,2021-12-02 14:16:59.605661,5054,55
usbmcakdhya,2021-12-02 14:16:59.605669,5057,94
nxpkdbeiyj,2021-12-02 14:16:59.605678,5060,87
wspufpnadsqv,2021-12-02 14:16:59.605691,5063,4
xlknmpetdngw,2021-12-02 14:16:59.605700,5066,18
kjbxumdvxiyu,2021-12-02 14:16:59.605709,5069,80
kncirurqsi,2021-12-02 14:16:59.605717,5072,61
rcavtygoie,2021-12-02 14:16:59.605726,5075,47
kuyvhlctosmm,2021-12-02 14:16:59.605735,5078,29
bxxkahbkjg,2021-12-02 14:16:59.605743,5081,43
xbsqjuucjcgy,2021-12-02 14:16:59.605752,5084,30
sdedphymhv,2021-12-02 14:16:59.605760,5087,4
xsqyqokinhgr,2021-12-02 14:16:59.605770,5090,31
qtdrploxfe,2021-12-02 14:16:59.605778,5093,84
orwtxuyzqi,2021-12-02 14:16:59.605786,5096,8
jpzgkzdovxba,2021-12-02 14:16:59.605795,5099,48
cviqvtegcwkf,2021-12-02 14:16:59.605804,5102,15
ozarnactokwk,2021-12-02 14:16:59.605813,5105,74
cdxeftvatw,2021-12-02 14:16:59.605822,5108,13
gpeqewkvva,2021-12-02 14:16:59.605830,5111,74
vdwplkschi,2021-12-02 14:16:59.605838,5114,7
nvwizygwfif,2021-12-02 14:16:59.605847,5117,95
soxqnwcwpmsh,2021-12-02 14:16:59.605856,5120,91
aoaljndhrcze,2021-12-02 14:16:59.605865,5123,63
rwafsgrkyx,2021-12-02 14:16:59.605873,5126,71
psalmmepgz,2021-12-02 14:16:59.605882,5129,82
atqqbfucamv,2021-12-02 14:16:59.605891,5132,70
utamtdwlnpcd,2021-12-02 14:16:59.605900,5135,60
yepgupdmjk,2021-12-02 14:16:59.605908,5138,100
jmcjmtdzxbnt,2021-12-02 14:16:59.605917,5141,92
kpibdypgkjd,2021-12-02 14:16:59.605925,5144,59
eriraziioxn,2021-12-02 14:16:59.605934,5147,39
yaqastliafpo,2021-12-02 14:16:59.605943,5150,65
ytqicwlumx,2021-12-02 14:16:59.605951,5153,23
kyisnsgfgs,2021-12-02 14:16:59.605960,5156,91
euwqefsvqkpv,2021-12-02 14:16:59.605968,5159,72
pkdmcefidtsi,2021-12-02 14:16:59.605978,5162,32
rgxfjejelkrf,2021-12-02 14:16:59.605986,5165,63
puwefovblkct,2021-12-02 14:16:59.605995,5168,1
svoxpmhrwdn,2021-12-02 14:16:59.606004,5171,93
byynnqvaai,2021-12-02 14:16:59.606013,5174,73
pmqchpjdxa,2021-12-02 14:16:59.606021,5177,28
tmubznkbxfx,2021-12-02 14:16:59.606029,5180,89
hihgkixfgk,2021-12-02 14:16:59.606038,5183,10
gqicfihcqno,2021-12-02 14:16:59.606046,5186,41
dfdbggskkqcl,2021-12-02 14:16:59.606055,5189,49
ogrmrpvpyn,2021-12-02 14:16:59.606063,5192,15
qwmbhqfoud,2021-12-02 14:16:59.606071,5195,60
gbtpnwwjbe,2021-12-02 14:16:59.606079,5198,60
mbgwddmyeu,2021-12-02 14:16:59.606088,5201,45
moxdlfudlnl,2021-12-02 14:16:59.606096,5204,87
fwbbjgjkshrk,2021-12-02 14:16:59.606106,5207,31
uyftjcverq,2021-12-02 14:16:59.606114,5210,70
vhmwjtclfk,2021-12-02 14:16:59.606122,5213,67
chgzehlgsy,2021-12-02 14:16:59.606131,5216,45
clubxciskv,2021-12-02 14:16:59.606139,5219,40
fbhtlnklir,2021-12-02 14:16:59.606147,5222,87
qotmbcxrsqz,2021-12-02 14:16:59.606156,5225,14
jdzczoauiir,2021-12-02 14:16:59.606165,5228,43
iigukwzyvj,2021-12-02 14:16:59.606173,5231,87
qxmpltfpvsj,2021-12-02 14:16:59.606181,5234,35
esemipcmwgnk,2021-12-02 14:16:59.606190,5237,76
qqjmxnnltekb,2021-12-02 14:16:59.606199,5240,14
zdgullxseou,2021-12-02 14:16:59.606208,5243,87
vseywfgkuwyj,2021-12-02 14:16:59.606217,5246,38
lunphrhfonv,2021-12-02 14:16:59.606226,5249,84
ghiizgzqicd,2021-12-02 14:16:59.606234,5252,31
icusvaohgl,2021-12-02 14:16:59.606242,5255,54
hatgpbfwuty,2021-12-02 14:16:59.606251,5258,44
epqvfgdzavwj,2021-12-02 14:16:59.606259,5261,56
peylkcmjcd,2021-12-02 14:16:59.606268,5264,34
fncheikyppyl,2021-12-02 14:16:59.606277,5267,38
qffuostgulys,2021-12-02 14:16:59.606286,5270,30
ourxkerfkfo,2021-12-02 14:16:59.606294,5273,21
uuvqplljjrd,2021-12-02 14:16:59.606336,5276,14
mdrbbjkqlqv,2021-12-02 14:16:59.606348,5279,45
iyujwbuhhtrb,2021-12-02 14:16:59.606357,5282,18
hslldspzshu,2021-12-02 14:16:59.606366,5285,63
fqnicauwuo,2021-12-02 14:16:59.606375,5288,94
zwqgwbjujab,2021-12-02 14:16:59.606406,5291,85
ekdfffxlbjbd,2021-12-02 14:16:59.606417,5294,50
osugtyovds,2021-12-02 14:16:59.606426,5297,80
qdsudbompyhj,2021-12-02 14:16:59.606435,5300,88
khvdgfidpltj,2021-12-02 14:16:59.606444,5303,93
yzbpohsdytgp,2021-12-02 14:16:59.606453,5306,40
mfymbmucdfd,2021-12-02 14:16:59.606462,5309,89
ahxgoxmmebat,2021-12-02 14:16:59.606471,5312,30
xbxuypiwfm,2021-12-02 14:16:59.606479,5315,34
pthlmrurbal,2021-12-02 14:16:59.606493,5318,85
uemtabyvoqcq,2021-12-02 14:16:59.606502,5321,5
yxpwrbmqizha,2021-12-02 14:16:59.606511,5324,69
wjqvngfqzii,2021-12-02 14:16:59.606519,5327,9
mrnsbgfbpfn,2021-12-02 14:16:59.606528,5330,79
yvcvclafju,2021-12-02 14:16:59.606536,5333,20
xgwogdhmkxgc,2021-12-02 14:16:59.606545,5336,30
vsfamquhvu,2021-12-02 14:16:59.606554,5339,56
bslctbiqcucc,2021-12-02 14:16:59.606563,5342,6
nkvlynvaexi,2021-12-02 14:16:59.606572,5345,32
wkvsmwudzd,2021-12-02 14:16:59.606580,5348,43
phxrmtuihghn,2021-12-02 14:16:59.606589,5351,78
hgnbvdfmatt,2021-12-02 14:16:59.606630,5354,19
mssmhsrkqlx,2021-12-02 14:16:59.606638,5357,63
oepxbfuupnp,2021-12-02 14:16:59.606647,5360,96
uqqlcutnvl,2021-12-02 14:16:59.606655,5363,86
qykfpxyhky,2021-12-02 14:16:59.606663,5366,63
rpcvpmdazomn,2021-12-02 14:16:59.606672,5369,1
xxpgupsiweck,2021-12-02 14:16:59.606681,5372,27
tvtkpihcct,2021-12-02 14:16:59.606689,5375,10
slenliusig,2021-12-02 14:16:59.606698,5378,45
gaewsnamdc,2021-12-02 14:16:59.606706,5381,5
kfjcskyufwhf,2021-12-02 14:16:59.606715,5384,15
frypxfzbad,2021-12-02 14:16:59.606723,5387,70
fwqpzcjxsaje,2021-12-02 14:16:59.606732,5390,96
xlctkawmiap,2021-12-02 14:16:59.606741,5393,12
hoagrapzcp,2021-12-02 14:16:59.606749,5396,28
vxwfdwytwvw,2021-12-02 14:16:59.606758,5399,82
ryhxxgpsxqbc,2021-12-02 14:16:59.606767,5402,52
zcbvcaknxfsg,2021-12-02 14:16:59.606775,5405,45
hweldekztcai,2021-12-02 14:16:59.606784,5408,35
dzecqzgkzixs,2021-12-02 14:16:59.606793,5411,27
lfjzafuedj,2021-12-02 14:16:59.606802,5414,19
vpguwutjex,2021-12-02 14:16:59.606810,5417,100
hbxbowrbfhq,2021-12-02 14:16:59.606818,5420,2
mwegftycwy,2021-12-02 14:16:59.606827,5423,9
endvxbnmhv,2021-12-02 14:16:59.606835,5426,35
qpbbvhnhafu,2021-12-02 14:16:59.606843,5429,41
yljzzecvcgeh,2021-12-02 14:16:59.606852,5432,30
sqfygkoswwy,2021-12-02 14:16:59.606861,5435,25
ovastlslaj,2021-12-02 14:16:59.606869,5438,5
sktebhrpah,2021-12-02 14:16:59.606877,5441,26
nihwlclvxi,2021-12-02 14:16:59.606885,5444,34
dhggowtpzfs,2021-12-02 14:16:59.606894,5447,8
vmbbrhdnsah,2021-12-02 14:16:59.606903,5450,31
maqgyyetus,2021-12-02 14:16:59.606911,5453,40
zdwkjdigyvs,2021-12-02 14:16:59.606920,5456,45
ijahgjofxmwg,2021-12-02 14:16:59.606929,5459,10
gdbpcrzcvsip,2021-12-02 14:16:59.606938,5462,17
naqelwwdgwf,2021-12-02 14:16:59.606947,5465,75
jkicjntsmtc,2021-12-02 14:16:59.606955,5468,44
ldbjfsaacade,2021-12-02 14:16:59.606964,5471,83
hoglxosecx,2021-12-02 14:16:59.606973,5474,67
mytfhnauqv,2021-12-02 14:16:59.606981,5477,8
pkereadcvai,2021-12-02 14:16:59.606989,5480,99
vwlunnzkrn,2021-12-02 14:16:59.607000,5483,23
wwxuqvutko,2021-12-02 14:16:59.607009,5486,66
wthxekrwhy,2021-12-02 14:16:59.607017,5489,8
dgljiusegc,2021-12-02 14:16:59.607026,5492,64
nrtbzxyhfjg,2021-12-02 14:16:59.607034,5495,69
kdmvxhlsbtc,2021-12-02 14:16:59.607043,5498,7
tdqtuiavwm,2021-12-02 14:16:59.607051,5501,5
klwnzcwyiou,2021-12-02 14:16:59.607060,5504,50
gajgaxvmhlo,2021-12-02 14:16:59.607071,5507,55
iegueffhnott,2021-12-02 14:16:59.607080,5510,1
osplgzrolx,2021-12-02 14:16:59.607089,5513,22
lcnbxlrczg,2021-12-02 14:16:59.607097,5516,47
bssdmlgrrcjt,2021-12-02 14:16:59.607106,5519,9
vryfsvnfbx,2021-12-02 14:16:59.607114,5522,99
sejvzfkpqohn,2021-12-02 14:16:59.607123,5525,46
ibwmwdpwuxb,2021-12-02 14:16:59.607132,5528,19
pwzjgrohvg,2021-12-02 14:16:59.607140,5531,87
rtcykhxfwc,2021-12-02 14:16:59.607148,5534,97
xspgitedzk,2021-12-02 14:16:59.607157,5537,47
ununablrwji,2021-12-02 14:16:59.607165,5540,72
wyuplpalzcfi,2021-12-02 14:16:59.607174,5543,73
tcmgvjtyqrlm,2021-12-02 14:16:59.607183,5546,77
utblandhfinq,2021-12-02 14:16:59.607192,5549,84
frynzxpkdj,2021-12-02 14:16:59.607200,5552,22
szzhugxgto,2021-12-02 14:16:59.607208,5555,76
peqxdyvyqfw,2021-12-02 14:16:59.607217,5558,94
upkuobhojkm,2021-12-02 14:16:59.607226,5561,62
rthccsvgfhx,2021-12-02 14:16:59.607234,5564,17
mqfftjfloucu,2021-12-02 14:16:59.607243,5567,61
itcvknirsj,2021-12-02 14:16:59.607251,5570,12
pmtaklcank,2021-12-02 14:16:59.607260,5573,12
nldhdyihbmlh,2021-12-02 14:16:59.607273,5576,10
wkdrymvfdfjm,2021-12-02 14:16:59.607283,5579,44
zpqqevdxws,2021-12-02 14:16:59.607291,5582,59
oblgnymvwcj,2021-12-02 14:16:59.607300,5585,71
aprblmaywwva,2021-12-02 14:16:59.607309,5588,75
pfhkhdfuonx,2021-12-02 14:16:59.607318,5591,64
wallqhnnoqk,2021-12-02 14:16:59.607326,5594,45
tabjrjcnnxdo,2021-12-02 14:16:59.607335,5597,2
xdiunesiousb,2021-12-02 14:16:59.607344,5600,3
hwycxnwkvq,2021-12-02 14:16:59.607353,5603,3
kgzmjjljgiqa,2021-12-02 14:16:59.607362,5606,84
tfixaizyvfks,2021-12-02 14:16:59.607371,5609,30
ciohdmnime,2021-12-02 14:16:59.607379,5612,74
csljexnyjpl,2021-12-02 14:16:59.607388,5615,81
knodyqdimp,2021-12-02 14:16:59.607396,5618,23
ajrwxfxtfcv,2021-12-02 14:16:59.607404,5621,82
ntqopvavzxry,2021-12-02 14:16:59.607413,5624,81
nfhwppytkyo,2021-12-02 14:16:59.607422,5627,2
qpvdnymzmlr,2021-12-02 14:16:59.607430,5630,20
fyldzidbfzve,2021-12-02 14:16:59.607439,5633,68
iybfzlpvlcbf,2021-12-02 14:16:59.607448,5636,49
ornoktzmgi,2021-12-02 14:16:59.607457,5639,100
tyfdbummys,2021-12-02 14:16:59.607465,5642,23
owoqejtsqm,2021-12-02 14:16:59.607473,5645,19
otedzhdkhy,2021-12-02 14:16:59.607482,5648,92
dhfqgtxrpkto,2021-12-02 14:16:59.607490,5651,7
kmxxynvoyrih,2021-12-02 14:16:59.607499,5654,29
zhrzyhlazvm,2021-12-02 14:16:59.607508,5657,8
scqozbfzgjrs,2021-12-02 14:16:59.607517,5660,77
kweqxrartrdg,2021-12-02 14:16:59.607526,5663,82
fgorcirbxvb,2021-12-02 14:16:59.607534,5666,88
qagtmftdpqgx,2021-12-02 14:16:59.607543,5669,100
agjyblivhf,2021-12-02 14:16:59.607552,5672,54
nzyytlidbm,2021-12-02 14:16:59.607560,5675,84
ewlxkcskglo,2021-12-02 14:16:59.607569,5678,41
qjcratchhkni,2021-12-02 14:16:59.607578,5681,12
mhqdhxeakg,2021-12-02 14:16:59.607608,5684,35
insdufxkcvpz,2021-12-02 14:16:59.607618,5687,6
ptsabzcmnzk,2021-12-02 14:16:59.607627,5690,35
qhgpblvtlea,2021-12-02 14:16:59.607636,5693,53
otmhhvwxnl,2021-12-02 14:16:59.607645,5696,81
mlmsdreorb,2021-12-02 14:16:59.607653,5699,65
dsotdnuexm,2021-12-02 14:16:59.607661,5702,54
rbnscobjwpr,2021-12-02 14:16:59.607670,5705,96
kokyakbuyopc,2021-12-02 14:16:59.607679,5708,46
hisvxecnii,2021-12-02 14:16:59.607687,5711,12
ixnmftnudepp,2021-12-02 14:16:59.607696,5714,10
tiaftqndpkly,2021-12-02 14:16:59.607704,5717,67
tcenbwllpzw,2021-12-02 14:16:59.607713,5720,41
dziqmputsl,2021-12-02 14:16:59.607721,5723,68
ofkdgojfusa,2021-12-02 14:16:59.607730,5726,30
etmaiuwbbkv,2021-12-02 14:16:59.607738,5729,15
ytvrwlkxvi,2021-12-02 14:16:59.607746,5732,6
ycirgzbnzr,2021-12-02 14:16:59.607755,5735,57
pxelpjlgznt,2021-12-02 14:16:59.607763,5738,81
qhochzhxksl,2021-12-02 14:16:59.607772,5741,62
bcwdcbxilzoy,2021-12-02 14:16:59.607781,5744,16
zxvwetjxfv,2021-12-02 14:16:59.607789,5747,88
usfzcbofammb,2021-12-02 14:16:59.607798,5750,71
rjitqkyqllpd,2021-12-02 14:16:59.607807,5753,24
vbgrykjqnuh,2021-12-02 14:16:59.607815,5756,64
sklqzcjnjnce,2021-12-02 14:16:59.607824,5759,82
danybcplsyk,2021-12-02 14:16:59.607833,5762,97
zzoadhfojzqx,2021-12-02 14:16:59.607842,5765,70
hkhalttwtvov,2021-12-02 14:16:59.607851,5768,98
fgfvwnxrjnba,2021-12-02 14:16:59.607860,5771,34
fmjatqbhsby,2021-12-02 14:16:59.607868,5774,96
yzewswnfvf,2021-12-02 14:16:59.607876,5777,40
shcoytuxtuzu,2021-12-02 14:16:59.607885,5780,5
owlvgwquwnyw,2021-12-02 14:16:59.607894,5783,75
cjtozxdqev,2021-12-02 14:16:59.607902,5786,17
itkjdenojqij,2021-12-02 14:16:59.607910,5789,87
vyftmszxqnoq,2021-12-02 14:16:59.607919,5792,55
fmxxmadtbncb,2021-12-02 14:16:59.607928,5795,18
qzybmpnwyto,2021-12-02 14:16:59.607937,5798,64
qizpmkscvsw,2021-12-02 14:16:59.607946,5801,80
xjaokvzcvf,2021-12-02 14:16:59.607954,5804,10
cuksgsomjwn,2021-12-02 14:16:59.607963,5807,48
ievzztowezj,2021-12-02 14:16:59.607972,5810,45
fdducikoed,2021-12-02 14:16:59.607980,5813,71
zfgjwgqytggu,2021-12-02 14:16:59.607989,5816,10
wbqvvkjmgqy,2021-12-02 14:16:59.607998,5819,95
suakccipjw,2021-12-02 14:16:59.608006,5822,26
ahgjbcakpfxm,2021-12-02 14:16:59.608015,5825,87
fldfsosywxh,2021-12-02 14:16:59.608024,5828,47
shbqnpctxqn,2021-12-02 14:16:59.608032,5831,4
dzkdnukqgz,2021-12-02 14:16:59.608041,5834,92
hppzveigmd,2021-12-02 14:16:59.608049,5837,49
zwapvwpdbue,2021-12-02 14:16:59.608058,5840,25
bqqzetpbdzxd,2021-12-02 14:16:59.608067,5843,72
sguzqazcbm,2021-12-02 14:16:59.608075,5846,13
maimieqgrc,2021-12-02 14:16:59.608084,5849,95
cwadxucpqp,2021-12-02 14:16:59.608092,5852,1
snvpnrcgoamr,2021-12-02 14:16:59.608101,5855,8
awuqeqylfyp,2021-12-02 14:16:59.608109,5858,95
uzaytnhqxgn,2021-12-02 14:16:59.608118,5861,62
kiccmdithcs,2021-12-02 14:16:59.608127,5864,3
vqjitadcdadx,2021-12-02 14:16:59.608136,5867,11
qeeckuuulm,2021-12-02 14:16:59.608144,5870,18
vojllwroin,2021-12-02 14:16:59.608152,5873,6
vcmalbmmwfij,2021-12-02 14:16:59.608161,5876,14
icylrpzkmma,2021-12-02 14:16:59.608170,5879,25
zhwojeyoauxf,2021-12-02 14:16:59.608179,5882,49
luzrsrordb,2021-12-02 14:16:59.608190,5885,72
mwckgersqgl,2021-12-02 14:16:59.608198,5888,15
rlqmcrunaxde,2021-12-02 14:16:59.608207,5891,65
dfohieujhstx,2021-12-02 14:16:59.608216,5894,74
thpynsocfl,2021-12-02 14:16:59.608225,5897,84
cypqxjpyjf,2021-12-02 14:16:59.608233,5900,62
qvrzyuykji,2021-12-02 14:16:59.608242,5903,27
ocihfffyrv,2021-12-02 14:16:59.608250,5906,12
zbukoxltkfwc,2021-12-02 14:16:59.608259,5909,8
hifsqfjjesq,2021-12-02 14:16:59.608268,5912,87
iyprgbqmrn,2021-12-02 14:16:59.608276,5915,43
meebktonfed,2021-12-02 14:16:59.608285,5918,83
nveozbcllrys,2021-12-02 14:16:59.608293,5921,37
idlgksmzjfe,2021-12-02 14:16:59.608302,5924,16
xdhnvtgxfpep,2021-12-02 14:16:59.608312,5927,22
wdceakpcln,2021-12-02 14:16:59.608320,5930,21
vvpsxtrxxj,2021-12-02 14:16:59.608328,5933,45
nlgfpqovxou,2021-12-02 14:16:59.608336,5936,17
wwdozglzhjej,2021-12-02 14:16:59.608345,5939,15
cdxihxdwlaqh,2021-12-02 14:16:59.608354,5942,6
mbyibxjrfm,2021-12-02 14:16:59.608362,5945,18
ccxbrdysfaf,2021-12-02 14:16:59.608371,5948,72
drmhrdvtlt,2021-12-02 14:16:59.608379,5951,89
ltqdblsionm,2021-12-02 14:16:59.608388,5954,43
pqyfpczptdm,2021-12-02 14:16:59.608396,5957,27
mzphhjtepjm,2021-12-02 14:16:59.608405,5960,68
fhcgzhaccqv,2021-12-02 14:16:59.608414,5963,4
cjhvlqkicep,2021-12-02 14:16:59.608422,5966,26
xenjbbxaaq,2021-12-02 14:16:59.608431,5969,90
rwrnazqceny,2021-12-02 14:16:59.608439,5972,49
shvlqtanow,2021-12-02 14:16:59.608450,5975,64
ggrnonqvicf,2021-12-02 14:16:59.608459,5978,12
pjtfodbpdao,2021-12-02 14:16:59.608470,5981,33
xkqzzhwpwn,2021-12-02 14:16:59.608478,5984,11
oswwdhkrlgsw,2021-12-02 14:16:59.608487,5987,54
httrmddayfd,2021-12-02 14:16:59.608521,5990,93
oqfefvmjqcpb,2021-12-02 14:16:59.608532,5993,27
bdrspctjcf,2021-12-02 14:16:59.608540,5996,13
rtxtowlxkomg,2021-12-02 14:16:59.608549,5999,35
vevpvbrawai,2021-12-02 14:16:59.608557,6002,5
gtrrvkjdsz,2021-12-02 14:16:59.608566,6005,52
vyeypsvvjad,2021-12-02 14:16:59.608574,6008,89
rchoxiwfwmwj,2021-12-02 14:16:59.608583,6011,68
wqdkeyungnse,2021-12-02 14:16:59.608592,6014,95
rrgkvsiteza,2021-12-02 14:16:59.608600,6017,31
pnbdqbuyxmg,2021-12-02 14:16:59.608609,6020,80
ngptjxcvzl,2021-12-02 14:16:59.608617,6023,62
ppkfmcweii,2021-12-02 14:16:59.608626,6026,20
cikfqaejvdxv,2021-12-02 14:16:59.608635,6029,7
pfqnzrpsve,2021-12-02 14:16:59.608643,6032,50
uongkfvcvmy,2021-12-02 14:16:59.608652,6035,80
wizrcgapess,2021-12-02 14:16:59.608661,6038,17
gpnogssbdlx,2021-12-02 14:16:59.608692,6041,5
iabrwmettng,2021-12-02 14:16:59.608702,6044,29
cvghniscyw,2021-12-02 14:16:59.608711,6047,48
drlkkikwzc,2021-12-02 14:16:59.608719,6050,23
ajdwjntzmseq,2021-12-02 14:16:59.608728,6053,49
rgqvfgtsaqbc,2021-12-02 14:16:59.608737,6056,5
hyqzeixlwvi,2021-12-02 14:16:59.608745,6059,7
nhhumnmsvffz,2021-12-02 14:16:59.608754,6062,60
ugtdiberrxnq,2021-12-02 14:16:59.608764,6065,60
cfjfyiuewn,2021-12-02 14:16:59.608772,6068,64
viezrtprbu,2021-12-02 14:16:59.608781,6071,37
ooaqafzpma,2021-12-02 14:16:59.608793,6074,39
xsmbeclpbz,2021-12-02 14:16:59.608802,6077,46
pggyyzqmufer,2021-12-02 14:16:59.608811,6080,67
xufwodhvtwc,2021-12-02 14:16:59.608819,6083,68
llarngqhbca,2021-12-02 14:16:59.608828,6086,4
vdqaspapavi,2021-12-02 14:16:59.608840,6089,9
rjmyhibvmdyw,2021-12-02 14:16:59.608850,6092,15
yhzqimwgejg,2021-12-02 14:16:59.608858,6095,69
llzquqrfuqx,2021-12-02 14:16:59.608867,6098,92
xcnfsvijznxe,2021-12-02 14:16:59.608876,6101,52
tjscbizfcd,2021-12-02 14:16:59.608884,6104,57
kxlpfxvkzp,2021-12-02 14:16:59.608892,6107,45
thkmghvdfpl,2021-12-02 14:16:59.608901,6110,37
astzuaowpth,2021-12-02 14:16:59.608910,6113,80
ojneqiwojmn,2021-12-02 14:16:59.608918,6116,3
vmetkxhzjvg,2021-12-02 14:16:59.608927,6119,64
lfccfzsjho,2021-12-02 14:16:59.608935,6122,84
jhfngtdjheh,2021-12-02 14:16:59.608943,6125,17
nrpehdqukdhu,2021-12-02 14:16:59.608952,6128,78
gqmvfwbzdx,2021-12-02 14:16:59.608961,6131,53
edsxmarfokz,2021-12-02 14:16:59.608970,6134,44
mnzrymflrj,2021-12-02 14:16:59.608978,6137,88
wlippyicnc,2021-12-02 14:16:59.608986,6140,26
zyvomyndopq,2021-12-02 14:16:59.608995,6143,46
ovzqvpumor,2021-12-02 14:16:59.609003,6146,19
oscqurzugbue,2021-12-02 14:16:59.609012,6149,33
ucmiokjyayi,2021-12-02 14:16:59.609021,6152,66
gwtyywaheoe,2021-12-02 14:16:59.609029,6155,80
uwqpxffrimnu,2021-12-02 14:16:59.609038,6158,84
jodsqonwmz,2021-12-02 14:16:59.609047,6161,55
djwljpgcebg,2021-12-02 14:16:59.609055,6164,67
utzolizvfpi,2021-12-02 14:16:59.609064,6167,68
uoxvzehmqjvd,2021-12-02 14:16:59.609073,6170,7
mbonaucwwee,2021-12-02 14:16:59.609081,6173,87
usjraffnddp,2021-12-02 14:16:59.609090,6176,79
paxluhthzu,2021-12-02 14:16:59.609098,6179,90
gvtckfjmvty,2021-12-02 14:16:59.609107,6182,85
sebkettytp,2021-12-02 14:16:59.609115,6185,37
osptkguxasz,2021-12-02 14:16:59.609123,6188,37
qcwrzqxaygwt,2021-12-02 14:16:59.609132,6191,79
jxjtvyimgadh,2021-12-02 14:16:59.609141,6194,12
mhjdcgfnkitg,2021-12-02 14:16:59.609150,6197,12
xqfvhpivhqwk,2021-12-02 14:16:59.609159,6200,35
csgpwnqemnzf,2021-12-02 14:16:59.609168,6203,57
powfkrdfgvu,2021-12-02 14:16:59.609177,6206,89
wfqyoupptevk,2021-12-02 14:16:59.609185,6209,86
wtygbirvhftw,2021-12-02 14:16:59.609194,6212,54
nlztnmgmjh,2021-12-02 14:16:59.609203,6215,30
nsovshyylf,2021-12-02 14:16:59.609211,6218,73
caklvutwlqzp,2021-12-02 14:16:59.609220,6221,53
wfprptdecl,2021-12-02 14:16:59.609228,6224,77
qhdpnveogoan,2021-12-02 14:16:59.609237,6227,88
vxbpcoqqqx,2021-12-02 14:16:59.609245,6230,55
ebxeoytblfgv,2021-12-02 14:16:59.609254,6233,62
rollojxacq,2021-12-02 14:16:59.609262,6236,82
mjfwuagmbwe,2021-12-02 14:16:59.609271,6239,5
iqimqyruqs,2021-12-02 14:16:59.609279,6242,3
sdncbpihpdyj,2021-12-02 14:16:59.609288,6245,3
rkqzrzacunt,2021-12-02 14:16:59.609297,6248,34
rbkdvemzstt,2021-12-02 14:16:59.609305,6251,100
uynrtbmhubi,2021-12-02 14:16:59.609314,6254,77
vleusureikvr,2021-12-02 14:16:59.609322,6257,19
tvhtorungw,2021-12-02 14:16:59.609331,6260,78
xwtkpbhmoom,2021-12-02 14:16:59.609339,6263,9
bwhxzecsgh,2021-12-02 14:16:59.609347,6266,98
pqyzbjsemc,2021-12-02 14:16:59.609356,6269,15
ovsasueqciy,2021-12-02 14:16:59.609365,6272,28
apmrhqxnrqea,2021-12-02 14:16:59.609374,6275,56
qlbtnythka,2021-12-02 14:16:59.609382,6278,18
nvofdkjilcb,2021-12-02 14:16:59.609391,6281,42
cebeqgmguk,2021-12-02 14:16:59.609399,6284,91
jdxqlipuyphp,2021-12-02 14:16:59.609408,6287,35
cceelsfhdpl,2021-12-02 14:16:59.609416,6290,90
utthkolpiqi,2021-12-02 14:16:59.609425,6293,83
poklqpznkre,2021-12-02 14:16:59.609433,6296,62
wmsnipbmece,2021-12-02 14:16:59.609442,6299,10
kkulfkqmidj,2021-12-02 14:16:59.609451,6302,14
dlfauuasasx,2021-12-02 14:16:59.609459,6305,63
wvftxlorky,2021-12-02 14:16:59.609467,6308,1
rqbsuyzgcxw,2021-12-02 14:16:59.609476,6311,15
qwdczhomqtl,2021-12-02 14:16:59.609485,6314,82
rjvdcdfdto,2021-12-02 14:16:59.609493,6317,96
pazhjiexygt,2021-12-02 14:16:59.609502,6320,7
hsvdhisqbkoe,2021-12-02 14:16:59.609511,6323,42
uprvxyvqlrco,2021-12-02 14:16:59.609520,6326,47
smaxazpajwjt,2021-12-02 14:16:59.609529,6329,36
qmfwbsiendh,2021-12-02 14:16:59.609537,6332,96
rdrrnyyyed,2021-12-02 14:16:59.609545,6335,33
xympvsdmrjwj,2021-12-02 14:16:59.609554,6338,98
qrnkhmvhkzrl,2021-12-02 14:16:59.609563,6341,8
lrtpzlneeac,2021-12-02 14:16:59.609572,6344,44
ywbotcdyfj,2021-12-02 14:16:59.609580,6347,44
qrznynjxueo,2021-12-02 14:16:59.609588,6350,72
etwsyrrtnb,2021-12-02 14:16:59.609597,6353,53
ehsjsdtrgxs,2021-12-02 14:16:59.609605,6356,30
hkhumwddfon,2021-12-02 14:16:59.609614,6359,61
wtghtuvmoy,2021-12-02 14:16:59.609622,6362,70
dwhjnowxmx,2021-12-02 14:16:59.609630,6365,35
gsxucinbzr,2021-12-02 14:16:59.609638,6368,75
xpisgmifpdkr,2021-12-02 14:16:59.609647,6371,85
zdysuwushsym,2021-12-02 14:16:59.609656,6374,37
sgpduzwuxk,2021-12-02 14:16:59.609664,6377,97
evsgkgmimybp,2021-12-02 14:16:59.609673,6380,93
vzasoetqqf,2021-12-02 14:16:59.609681,6383,21
fovmsivfpms,2021-12-02 14:16:59.609690,6386,52
uluibtvhviwi,2021-12-02 14:16:59.609699,6389,32
vyuhqnxllntq,2021-12-02 14:16:59.609708,6392,46
eygluwaiyve,2021-12-02 14:16:59.609717,6395,97
sanfwycmrz,2021-12-02 14:16:59.609725,6398,66
klyylcashfqn,2021-12-02 14:16:59.609733,6401,50
uvhxniotlgd,2021-12-02 14:16:59.609742,6404,87
btwklrfhnzgs,2021-12-02 14:16:59.609751,6407,22
jrkjwdyqfc,2021-12-02 14:16:59.609759,6410,93
plcxldkgfem,2021-12-02 14:16:59.609767,6413,25
fisbqgdwqepy,2021-12-02 14:16:59.609776,6416,38
toaztfghyohy,2021-12-02 14:16:59.609785,6419,56
kpqwyicimhe,2021-12-02 14:16:59.609794,6422,64
guvlrwuoope,2021-12-02 14:16:59.609802,6425,37
yseorgihtht,2021-12-02 14:16:59.609811,6428,68
gytshdlbrje,2021-12-02 14:16:59.609820,6431,22
vysoecdbjwyx,2021-12-02 14:16:59.609828,6434,90
kbrzlgzwfyqp,2021-12-02 14:16:59.609837,6437,54
udmcqlthltgl,2021-12-02 14:16:59.609846,6440,71
iqehfboyjyfs,2021-12-02 14:16:59.609855,6443,9
vyxlpgmtodr,2021-12-02 14:16:59.609864,6446,19
umsvfyrcdo,2021-12-02 14:16:59.609872,6449,81
gymjmzuigpp,2021-12-02 14:16:59.609883,6452,7
hvwrdjoevr,2021-12-02 14:16:59.609892,6455,25
hpbtvnhbqv,2021-12-02 14:16:59.609900,6458,44
eubnsurwep,2021-12-02 14:16:59.609908,6461,37
kvbgrrccnumk,2021-12-02 14:16:59.609917,6464,90
ltwxylkyxb,2021-12-02 14:16:59.609925,6467,4
alomaauofa,2021-12-02 14:16:59.609933,6470,80
hnkaczuikzek,2021-12-02 14:16:59.609942,6473,24
ohhkqeivlv,2021-12-02 14:16:59.609951,6476,10
evedghhimnqi,2021-12-02 14:16:59.609960,6479,77
wnvhkmeclt,2021-12-02 14:16:59.609968,6482,43
cazzozgtzfgp,2021-12-02 14:16:59.609977,6485,49
lwzryrvuuj,2021-12-02 14:16:59.609985,6488,49
atzvxfyrsx,2021-12-02 14:16:59.609993,6491,92
nrynepxkxkmf,2021-12-02 14:16:59.610002,6494,84
qrjwfzvdsj,2021-12-02 14:16:59.610012,6497,97
yxtqdwutizew,2021-12-02 14:16:59.610021,6500,71
lqrcoqqldpg,2021-12-02 14:16:59.610030,6503,70
bhjderulraiy,2021-12-02 14:16:59.610039,6506,33
fevbqzqqyb,2021-12-02 14:16:59.610047,6509,10
bxdwhsxewjzv,2021-12-02 14:16:59.610057,6512,100
ylzqyypkdkl,2021-12-02 14:16:59.610065,6515,35
amwfimepfkyo,2021-12-02 14:16:59.610074,6518,56
svsmscjbbhno,2021-12-02 14:16:59.610083,6521,97
taoicdmlib,2021-12-02 14:16:59.610092,6524,36
nkkmnryfaqz,2021-12-02 14:16:59.610100,6527,82
ghzbcyriapa,2021-12-02 14:16:59.610109,6530,92
ncxqqhakrtf,2021-12-02 14:16:59.610117,6533,67
iekkfshfimaf,2021-12-02 14:16:59.610126,6536,92
dkwllzaykz,2021-12-02 14:16:59.610135,6539,80
iniiwyxzbm,2021-12-02 14:16:59.610143,6542,86
gukyjwcwyt,2021-12-02 14:16:59.610152,6545,24
nongcrjrgmv,2021-12-02 14:16:59.610160,6548,68
rjzssuvklcd,2021-12-02 14:16:59.610169,6551,65
ouxeyvjfzodo,2021-12-02 14:16:59.610178,6554,41
bdxctaowet,2021-12-02 14:16:59.610186,6557,52
qbhgkdnautx,2021-12-02 14:16:59.610195,6560,85
bbaqsirwwpcb,2021-12-02 14:16:59.610204,6563,50
pyzxvqqmrnzj,2021-12-02 14:16:59.610212,6566,49
totpamulxei,2021-12-02 14:16:59.610221,6569,72
fmitpbifcxqr,2021-12-02 14:16:59.610230,6572,98
knfbcrguvs,2021-12-02 14:16:59.610238,6575,23
ksqcvjvlwgyp,2021-12-02 14:16:59.610247,6578,55
jycoavoxzs,2021-12-02 14:16:59.610255,6581,14
axwsyfnawrpy,2021-12-02 14:16:59.610264,6584,72
jnamslnovwha,2021-12-02 14:16:59.610273,6587,34
qsxzegrpxs,2021-12-02 14:16:59.610281,6590,49
zfanscjgsz,2021-12-02 14:16:59.610289,6593,89
omvjjlkptvte,2021-12-02 14:16:59.610298,6596,11
sexntzjbwxbf,2021-12-02 14:16:59.610310,6599,17
cjhrlbmjnoj,2021-12-02 14:16:59.610319,6602,71
leskzkcdgykp,2021-12-02 14:16:59.610328,6605,51
jhpslfsykg,2021-12-02 14:16:59.610337,6608,36
rgbwfqdyhb,2021-12-02 14:16:59.610345,6611,26
ekwqzczrhb,2021-12-02 14:16:59.610353,6614,75
bwfbschuhzht,2021-12-02 14:16:59.610362,6617,33
yeewpktzhr,2021-12-02 14:16:59.610370,6620,72
tulawscxntd,2021-12-02 14:16:59.610378,6623,17
zmiwkuntyed,2021-12-02 14:16:59.610387,6626,15
zorminbvjn,2021-12-02 14:16:59.610396,6629,80
cfghlvnpiu,2021-12-02 14:16:59.610404,6632,20
tyvediaftx,2021-12-02 14:16:59.610412,6635,33
rklgutdnqh,2021-12-02 14:16:59.610421,6638,56
srmujgufdube,2021-12-02 14:16:59.610430,6641,18
kjicybwfsakj,2021-12-02 14:16:59.610438,6644,13
dlhcqcdqqbn,2021-12-02 14:16:59.610447,6647,68
unacpxpvef,2021-12-02 14:16:59.610455,6650,32
airrwpzbeff,2021-12-02 14:16:59.610464,6653,97
isfcmqcukpz,2021-12-02 14:16:59.610472,6656,35
extwgrshvarb,2021-12-02 14:16:59.610481,6659,98
javzbuvuep,2021-12-02 14:16:59.610489,6662,28
vrgwsvbqxp,2021-12-02 14:16:59.610497,6665,82
tkfuhrthiyy,2021-12-02 14:16:59.610506,6668,62
skpklrputsz,2021-12-02 14:16:59.610514,6671,62
mzcwqaektpu,2021-12-02 14:16:59.610523,6674,16
rqpocuyxbwsk,2021-12-02 14:16:59.610531,6677,2
mouxponxec,2021-12-02 14:16:59.610540,6680,18
oyahqrhyth,2021-12-02 14:16:59.610548,6683,69
ojhldeivpvz,2021-12-02 14:16:59.610557,6686,97
rppzinihojs,2021-12-02 14:16:59.610565,6689,17
fabnfojcde,2021-12-02 14:16:59.610573,6692,19
ypsjyjcxsf,2021-12-02 14:16:59.610581,6695,43
ozzjtmoilwdh,2021-12-02 14:16:59.610590,6698,44
laxircsgwsf,2021-12-02 14:16:59.610599,6701,52
ffysjnmqgmk,2021-12-02 14:16:59.610607,6704,17
aqajdnryil,2021-12-02 14:16:59.610615,6707,9
kdgwqdtfzb,2021-12-02 14:16:59.610624,6710,63
gcsjtsjfgebj,2021-12-02 14:16:59.610632,6713,81
pqlzwxaippr,2021-12-02 14:16:59.610641,6716,77
yzrsknrzaec,2021-12-02 14:16:59.610650,6719,30
kotfvekwnh,2021-12-02 14:16:59.610658,6722,91
xsqaskdyni,2021-12-02 14:16:59.610666,6725,28
omtivupxyls,2021-12-02 14:16:59.610674,6728,38
ubdzabcabt,2021-12-02 14:16:59.610682,6731,78
uwybdzrokfuh,2021-12-02 14:16:59.610691,6734,33
ntsybamhgsve,2021-12-02 14:16:59.610700,6737,30
pcfufyknhux,2021-12-02 14:16:59.610708,6740,47
uwkeegnacuhf,2021-12-02 14:16:59.610717,6743,83
vrumplctwbf,2021-12-02 14:16:59.610726,6746,82
udpajgoker,2021-12-02 14:16:59.610734,6749,56
eebehowsqrfs,2021-12-02 14:16:59.610743,6752,58
mlzluwfvrkjb,2021-12-02 14:16:59.610752,6755,33
fkuobipqqp,2021-12-02 14:16:59.610760,6758,88
pwbujawjggna,2021-12-02 14:16:59.610769,6761,77
ffzutrosdz,2021-12-02 14:16:59.610778,6764,57
rkgxcnxkjqjz,2021-12-02 14:16:59.610786,6767,98
smeojhxypnd,2021-12-02 14:16:59.610795,6770,73
pszwximxpir,2021-12-02 14:16:59.610803,6773,37
vjprbncaos,2021-12-02 14:16:59.610811,6776,96
wyzbhunohngp,2021-12-02 14:16:59.610820,6779,32
mphydnhvsg,2021-12-02 14:16:59.610828,6782,18
hywfdekgnoi,2021-12-02 14:16:59.610837,6785,58
oynkbyqvls,2021-12-02 14:16:59.610845,6788,13
yekoaqtoyl,2021-12-02 14:16:59.610854,6791,40
kcuchunumn,2021-12-02 14:16:59.610862,6794,90
fnrfpbawdkll,2021-12-02 14:16:59.610871,6797,75
yyhxkgeadgsm,2021-12-02 14:16:59.610879,6800,26
nlmlbfcwggyd,2021-12-02 14:16:59.610888,6803,44
xyyiiepfvm,2021-12-02 14:16:59.610897,6806,91
iyqrgkxrah,2021-12-02 14:16:59.610905,6809,87
skkdpjjwdpe,2021-12-02 14:16:59.610914,6812,47
wgiztgdasc,2021-12-02 14:16:59.610922,6815,97
odsmqxufggxz,2021-12-02 14:16:59.610931,6818,84
unjlnttoebs,2021-12-02 14:16:59.610939,6821,90
eptyexiddq,2021-12-02 14:16:59.610948,6824,52
nvrdisxdfaq,2021-12-02 14:16:59.610956,6827,10
yqydplpzph,2021-12-02 14:16:59.610967,6830,73
bkhxjfkadi,2021-12-02 14:16:59.610976,6833,32
vuybxdwquexz,2021-12-02 14:16:59.610985,6836,51
imbdnqcwla,2021-12-02 14:16:59.610993,6839,43
jwhapgenawxo,2021-12-02 14:16:59.611002,6842,2
tkzwyuihnag,2021-12-02 14:16:59.611011,6845,24
huqiwuuavxq,2021-12-02 14:16:59.611020,6848,80
gfqbniqfyl,2021-12-02 14:16:59.611028,6851,89
boagasjexh,2021-12-02 14:16:59.611036,6854,55
fhpkrcmudv,2021-12-02 14:16:59.611044,6857,85
qhpzfdncjo,2021-12-02 14:16:59.611053,6860,54
omxspnpskf,2021-12-02 14:16:59.611061,6863,83
vtnanwmvzmb,2021-12-02 14:16:59.611070,6866,54
ibovnopqkxh,2021-12-02 14:16:59.611079,6869,71
yskfpfqdpzp,2021-12-02 14:16:59.611088,6872,24
rjeougolhk,2021-12-02 14:16:59.611096,6875,86
bwsxapxkybez,2021-12-02 14:16:59.611105,6878,6
mijnzkwheg,2021-12-02 14:16:59.611113,6881,27
kfvtxmeniyhe,2021-12-02 14:16:59.611122,6884,9
toiqqasibntw,2021-12-02 14:16:59.611131,6887,63
ofkmdkrnyc,2021-12-02 14:16:59.611139,6890,79
vujlobxjhrmc,2021-12-02 14:16:59.611148,6893,27
ktwsmrqmsxx,2021-12-02 14:16:59.611157,6896,69
eqwedrqtjaj,2021-12-02 14:16:59.611165,6899,70
rfanmfrgykp,2021-12-02 14:16:59.611174,6902,20
nruzjytujmyb,2021-12-02 14:16:59.611183,6905,50
lldkiexqsnkd,2021-12-02 14:16:59.611192,6908,28
vmwbdwsmhmp,2021-12-02 14:16:59.611200,6911,41
hawhvkmmzg,2021-12-02 14:16:59.611208,6914,90
gcrdqutftqfb,2021-12-02 14:16:59.611217,6917,86
qgyyyanyhq,2021-12-02 14:16:59.611225,6920,7
jwzmkgfdpiwz,2021-12-02 14:16:59.611234,6923,26
bmyaeelulydv,2021-12-02 14:16:59.611243,6926,10
xfelfenqmxsj,2021-12-02 14:16:59.611252,6929,32
wewzzrtqxwsb,2021-12-02 14:16:59.611261,6932,57
plkvdcamuve,2021-12-02 14:16:59.611270,6935,65
dzhtomutcaii,2021-12-02 14:16:59.611279,6938,49
zhadajwnxyft,2021-12-02 14:16:59.611288,6941,19
okchuarfuco,2021-12-02 14:16:59.611296,6944,3
fpxtvmeylkm,2021-12-02 14:16:59.611305,6947,49
qlziuelgyyd,2021-12-02 14:16:59.611313,6950,63
mekkyejlzk,2021-12-02 14:16:59.611322,6953,96
vtqmkqxnro,2021-12-02 14:16:59.611330,6956,52
ixpjvofjppfn,2021-12-02 14:16:59.611339,6959,60
aqdzhisbnic,2021-12-02 14:16:59.611347,6962,1
plfmzzaaoynh,2021-12-02 14:16:59.611356,6965,13
grdjmphszhh,2021-12-02 14:16:59.611365,6968,54
czibyunmha,2021-12-02 14:16:59.611373,6971,11
ermdzkaoutxr,2021-12-02 14:16:59.611382,6974,68
ytaebniekw,2021-12-02 14:16:59.611390,6977,69
ffjadhqdiy,2021-12-02 14:16:59.611399,6980,15
oksbxnrjswx,2021-12-02 14:16:59.611408,6983,39
kakwkdygft,2021-12-02 14:16:59.611416,6986,51
olzrjgecjzqj,2021-12-02 14:16:59.611425,6989,57
fuonqjcxpwhj,2021-12-02 14:16:59.611434,6992,9
wiuskylzgaus,2021-12-02 14:16:59.611443,6995,5
xaoahqdaauvi,2021-12-02 14:16:59.611452,6998,82
