2079,2,vhdvoz,4517,,2021-11-01 18:54:37,4
2589,5,qftovfcugptwrarjt,5792,,2021-11-01 18:54:37,6
2134,1,mbagsvralqngnc,5079,,2021-11-01 18:54:37,9
2954,2,kckhuhpvanncj,4297,,2021-11-01 18:54:37,1
2171,5,ebfuou,3874,,2021-11-01 18:54:37,7
2896,4,rvkiinsvekhwequr,3630,,2021-11-01 18:54:37,1
2663,1,djijeenvp,6245,,2021-11-01 18:54:37,8
2901,5,vjwoengngkdlj,2726,,2021-11-01 18:54:37,2
2812,1,geolyzccwyxrcj,3237,,2021-11-01 18:54:37,4
2480,3,azoeluvcmudqliix,3071,,2021-11-01 18:54:37,1
2202,2,oglwsibmufeiubwltmag,4108,,2021-11-01 18:54:37,4
2307,1,hfxu,2601,,2021-11-01 18:54:37,9
2190,2,gzbptxgwstzv,2100,,2021-11-01 18:54:37,2
2854,1,rzbsntmtpf,3255,,2021-11-01 18:54:37,7
2385,2,gfmmhgdveof,6105,,2021-11-01 18:54:37,9
2163,4,msna,6215,,2021-11-01 18:54:37,2
2949,4,durmvttobxxj,5121,,2021-11-01 18:54:37,2
2729,1,gkoxeokafrzneb,5599,,2021-11-01 18:54:37,8
2832,2,ngidodkhplpp,2153,,2021-11-01 18:54:37,0
2679,5,jhrvfzrbmm,4722,,2021-11-01 18:54:37,5
2130,4,qmhytszlvryc,2311,,2021-11-01 18:54:37,3
2815,4,bmsf,6850,,2021-11-01 18:54:37,4
2841,4,hxu,5296,,2021-11-01 18:54:37,3
2046,2,dyduatgmtwdsmcye,6397,,2021-11-01 18:54:37,9
2249,4,ywzhlferdujkvinq,4730,,2021-11-01 18:54:37,1
2511,5,prkytpylisrzgbvhkp,5402,,2021-11-01 18:54:37,2
2557,5,qqwbfnmwxjfhwexuwx,4659,,2021-11-01 18:54:37,8
2193,1,jgcclqyyutwu,3503,,2021-11-01 18:54:37,4
2527,4,gkm,4725,,2021-11-01 18:54:37,9
2619,2,gtinm,4155,,2021-11-01 18:54:37,2
2379,1,ersy,6429,,2021-11-01 18:54:37,5
2061,5,skqhfwcajpoanrkcd,3922,,2021-11-01 18:54:37,2
2474,3,yaomtblevjnkykzmueez,5469,,2021-11-01 18:54:37,6
2831,5,ixjsaehklofea,5455,,2021-11-01 18:54:37,0
2058,2,sqqsbqnjultxufrmes,4818,,2021-11-01 18:54:37,8
2940,4,kjljnsxhsd,3102,,2021-11-01 18:54:37,3
2431,2,neb,6242,,2021-11-01 18:54:37,1
2658,1,wuwyopjtdikk,4228,,2021-11-01 18:54:37,1
2674,1,iqfocxzcx,5504,,2021-11-01 18:54:37,1
2303,4,uromatdleaymnj,3003,,2021-11-01 18:54:37,8
2468,5,uxqid,4518,,2021-11-01 18:54:37,10
2276,5,dahbiabvlx,3343,,2021-11-01 18:54:37,7
2509,5,lpunrukbzrwjuhoxvwtk,6618,,2021-11-01 18:54:37,6
2003,5,hxnqpnuxtfbbmrszqkfg,4233,,2021-11-01 18:54:37,0
2266,4,doteqeefpeufrjspytdx,2054,,2021-11-01 18:54:37,3
2364,4,otdmbnitetwsym,4389,,2021-11-01 18:54:37,1
2388,2,qdajnjgt,3693,,2021-11-01 18:54:37,3
2402,5,abqs,3775,,2021-11-01 18:54:37,10
2406,5,bookhiw,3002,,2021-11-01 18:54:37,2
2779,5,dfyuta,3258,,2021-11-01 18:54:37,0
2724,4,nyinptemxidcrm,4429,,2021-11-01 18:54:37,3
2638,5,thqqbuiaemkdlkj,6873,,2021-11-01 18:54:37,9
2518,5,guyncdkllkwsud,2471,,2021-11-01 18:54:37,5
2016,4,eiyptieiobvmcd,5745,,2021-11-01 18:54:37,2
2056,5,cfsenqbxjtgxubzsqmj,3427,,2021-11-01 18:54:37,2
2226,3,qcocfvivws,4593,,2021-11-01 18:54:37,4
2852,1,dwknddxmkjd,5761,,2021-11-01 18:54:37,5
2262,4,otbdvkfmbxksgvohztqc,3135,,2021-11-01 18:54:37,8
2969,3,xlgfwy,5068,,2021-11-01 18:54:37,2
2488,2,ufagztufpvffgxse,6776,,2021-11-01 18:54:37,0
2556,2,rteetqy,2934,,2021-11-01 18:54:37,5
2337,2,dsbwauxezfl,3621,,2021-11-01 18:54:37,5
2862,2,iygsnjscmgvarfp,2451,,2021-11-01 18:54:37,7
2299,3,pmd,5944,,2021-11-01 18:54:37,8
2851,3,kvwzygucvrryteudup,5856,,2021-11-01 18:54:37,3
2915,3,jgsrq,3196,,2021-11-01 18:54:37,5
2342,1,elmrerqglyeduiudr,3729,,2021-11-01 18:54:37,3
2427,2,dkwdamndxik,5168,,2021-11-01 18:54:37,10
2913,3,gnovovorudtywooypzw,3622,,2021-11-01 18:54:37,8
2835,3,craqvvfap,5162,,2021-11-01 18:54:37,6
2084,3,oqyksjutkdrbgxgbdvtz,3905,,2021-11-01 18:54:37,2
2923,3,qpmdsjfuryjwv,6801,,2021-11-01 18:54:37,10
2780,3,hvacgmcussgcrtifxboi,4568,,2021-11-01 18:54:37,1
2158,2,itrepduxdpvtwdsyvtpj,2603,,2021-11-01 18:54:37,8
2883,3,lyjwlsxpqttk,4142,,2021-11-01 18:54:37,7
2534,2,rrqsro,2883,,2021-11-01 18:54:37,7
2460,4,thskrzojqcvyqfhujlmr,5920,,2021-11-01 18:54:37,10
2339,5,nesisbskazjfpgifk,3173,,2021-11-01 18:54:37,7
2233,1,bmdxrwxfdlrv,3188,,2021-11-01 18:54:37,2
2492,2,yznk,3115,,2021-11-01 18:54:37,5
2187,2,rnoxnsldazfuhavw,2751,,2021-11-01 18:54:37,1
2843,5,nonjfu,5895,,2021-11-01 18:54:37,0
2216,5,gyilvjd,5807,,2021-11-01 18:54:37,0
2197,5,qcodwbpkqodbglfqgrf,6230,,2021-11-01 18:54:37,4
2633,2,qeqmzqleordpvsjvhyg,4520,,2021-11-01 18:54:37,4
2168,1,qmaxtdifljrojoxng,3544,,2021-11-01 18:54:37,4
2707,4,czgvh,6569,,2021-11-01 18:54:37,3
2868,1,ablaydt,5228,,2021-11-01 18:54:37,1
2044,3,vqeiokm,2818,,2021-11-01 18:54:37,9
2136,3,wnfftexdsdbuf,2568,,2021-11-01 18:54:37,1
2863,4,wdp,6282,,2021-11-01 18:54:37,7
2305,3,rhbuvtvcevzlqukc,5075,,2021-11-01 18:54:37,2
2998,1,csd,5534,,2021-11-01 18:54:37,3
2672,2,mmcvcfchteo,4201,,2021-11-01 18:54:37,5
2879,4,uzrghzut,5839,,2021-11-01 18:54:37,0
2033,5,awrawvaxig,2984,,2021-11-01 18:54:37,1
2184,5,djtlzevteqsprpiuxli,2938,,2021-11-01 18:54:37,1
2592,3,esglhory,4226,,2021-11-01 18:54:37,3
2180,4,wflxklcicmss,4160,,2021-11-01 18:54:37,0
2294,3,gopksfpsj,4636,,2021-11-01 18:54:37,2
2329,2,ckqzlpokjqzjytwgwnu,2609,,2021-11-01 18:54:37,1
2537,1,yxfiyqujowyneuayqsnn,2407,,2021-11-01 18:54:37,8
2291,3,amonurqvusnwubva,2923,,2021-11-01 18:54:37,5
2617,5,mjjjcnoorjtvi,2924,,2021-11-01 18:54:37,6
2687,2,raofsylhoqofhhe,3313,,2021-11-01 18:54:37,0
2005,3,cvuofjuqxn,4319,,2021-11-01 18:54:37,7
2361,5,yawhcfeje,5991,,2021-11-01 18:54:37,5
2343,2,giigq,6458,,2021-11-01 18:54:37,1
2122,4,gnykworoprxor,3316,,2021-11-01 18:54:37,9
2007,3,uahfdqcttegokcfmrf,2035,,2021-11-01 18:54:37,0
2936,4,uiolzre,3551,,2021-11-01 18:54:37,1
2344,2,qdblepfksvqnhvaz,6131,,2021-11-01 18:54:37,4
2640,1,sqscops,5396,,2021-11-01 18:54:37,0
2358,3,hasbokmqzoofryjrlpv,6754,,2021-11-01 18:54:37,2
2107,2,cugrixdv,4364,,2021-11-01 18:54:37,5
2064,5,jgnneklgnqvrln,5152,,2021-11-01 18:54:37,0
2959,3,vjqot,5122,,2021-11-01 18:54:37,2
2451,3,xdga,4368,,2021-11-01 18:54:37,4
2631,2,umfauojdexnq,6472,,2021-11-01 18:54:37,1
2094,3,kvzgqaihgpjzogeqbe,4342,,2021-11-01 18:54:37,4
2884,2,holraoxfaswtepxvil,4695,,2021-11-01 18:54:37,9
2891,1,knlruiinmlpcbiy,5209,,2021-11-01 18:54:37,0
2381,5,pxnreulwmsbrsn,6401,,2021-11-01 18:54:37,8
2000,5,qqgwihetiwztqxtgbyr,6231,,2021-11-01 18:54:37,0
2331,3,uzdxaigshrov,2301,,2021-11-01 18:54:37,5
2539,2,gfiszv,4011,,2021-11-01 18:54:37,9
2387,1,knpxs,2174,,2021-11-01 18:54:37,5
2070,3,soneudaln,3557,,2021-11-01 18:54:37,2
2778,5,fuyqy,4612,,2021-11-01 18:54:37,1
2564,4,irjvu,2612,,2021-11-01 18:54:37,10
2155,1,tyhckz,5459,,2021-11-01 18:54:37,2
2362,3,zekcxhjyvgarquvd,2396,,2021-11-01 18:54:37,8
2284,2,uolifftyyig,6045,,2021-11-01 18:54:37,1
2699,5,jiuoldc,6845,,2021-11-01 18:54:37,8
2245,4,gcenpfsnbklcrddbgs,2967,,2021-11-01 18:54:37,4
2367,1,ntps,5658,,2021-11-01 18:54:37,8
2522,4,tqtdt,6884,,2021-11-01 18:54:37,3
2541,3,koqalzbqytc,5345,,2021-11-01 18:54:37,3
2519,3,yissgvcfdexsatvh,6286,,2021-11-01 18:54:37,9
2404,4,bkegvlfddd,3223,,2021-11-01 18:54:37,1
2454,3,zvqva,2113,,2021-11-01 18:54:37,0
2750,3,bjidqvvepcrkozdt,4846,,2021-11-01 18:54:37,2
2820,4,ermrtg,3283,,2021-11-01 18:54:37,6
2465,2,zipzmih,2845,,2021-11-01 18:54:37,6
2090,1,dmnafows,2462,,2021-11-01 18:54:37,4
2318,3,hiezmjjmts,6076,,2021-11-01 18:54:37,4
2325,5,cysh,6078,,2021-11-01 18:54:37,8
2565,1,ivlkwcfhufkjk,4303,,2021-11-01 18:54:37,0
2813,1,qekerrmxpswf,3604,,2021-11-01 18:54:37,3
2217,1,jeatltsybmpz,4645,,2021-11-01 18:54:37,4
2529,2,xlogcfse,6260,,2021-11-01 18:54:37,3
2516,5,newisirofbvzyxexpb,5669,,2021-11-01 18:54:37,4
2514,3,zxtomlcbsvb,5003,,2021-11-01 18:54:37,9
2408,5,qdalvzcc,2365,,2021-11-01 18:54:37,8
2994,4,yarz,5729,,2021-11-01 18:54:37,0
2502,3,bntnsuobf,6848,,2021-11-01 18:54:37,9
2464,1,ziwcl,2711,,2021-11-01 18:54:37,7
2106,5,mzlwlpsfmwkujlyulu,4220,,2021-11-01 18:54:37,1
2165,3,naeeo,6629,,2021-11-01 18:54:37,7
2992,3,rxaqt,4374,,2021-11-01 18:54:37,6
2842,1,dwfyyyass,3282,,2021-11-01 18:54:37,7
2807,3,rwrjbhkn,2294,,2021-11-01 18:54:37,2
2270,1,virsxwdjzbv,3567,,2021-11-01 18:54:37,4
2621,1,klkergz,2672,,2021-11-01 18:54:37,8
2616,2,mnugkivjy,5132,,2021-11-01 18:54:37,6
2615,1,qjxbzyxwkjdnmgqk,5088,,2021-11-01 18:54:37,9
2201,1,jpnyffeayiicmy,2088,,2021-11-01 18:54:37,10
2818,5,rnqvbwcoynqi,4629,,2021-11-01 18:54:37,1
2146,1,uimgmqfi,6299,,2021-11-01 18:54:37,1
2053,3,iarrzevsfjscoefmpr,2487,,2021-11-01 18:54:37,0
2704,5,vxitxwkdiycmasfflgnn,3875,,2021-11-01 18:54:37,5
2225,2,zkqmunmfxqglsnv,2713,,2021-11-01 18:54:37,6
2768,1,fjsclgi,2914,,2021-11-01 18:54:37,4
2479,4,lvzjhuxgpxdu,6400,,2021-11-01 18:54:37,8
2845,2,oacxqiuhh,6972,,2021-11-01 18:54:37,1
2892,1,twyx,2014,,2021-11-01 18:54:37,6
2089,3,ubehmdaktvpwlhms,3665,,2021-11-01 18:54:37,0
2886,5,frjuaa,2993,,2021-11-01 18:54:37,5
2730,3,uqngbggpjxvdgxgiuad,6026,,2021-11-01 18:54:37,5
2664,1,lmugoeldqlkxtkuaih,3408,,2021-11-01 18:54:37,9
2147,1,ijcffvzx,2737,,2021-11-01 18:54:37,0
2986,3,brsgzpacvhkvhn,6960,,2021-11-01 18:54:37,8
2918,1,zfiefe,6880,,2021-11-01 18:54:37,2
2550,2,gtbencihlwsbh,4251,,2021-11-01 18:54:37,5
2989,3,iplrksncl,4661,,2021-11-01 18:54:37,0
2983,1,exhoar,3723,,2021-11-01 18:54:37,4
2143,2,hkakbwhzymdzgslcrhc,6022,,2021-11-01 18:54:37,5
2093,5,ujuhpd,2520,,2021-11-01 18:54:37,0
2461,2,ivltuzvnoy,4594,,2021-11-01 18:54:37,6
2394,2,etq,3966,,2021-11-01 18:54:37,8
2535,1,elhe,2467,,2021-11-01 18:54:37,5
2041,1,wjojwkhs,2087,,2021-11-01 18:54:37,0
2150,3,duafbrjcyqsvopiulhfh,6428,,2021-11-01 18:54:37,9
2944,3,tijbnvdgmyqib,2024,,2021-11-01 18:54:37,0
2668,1,diimlqngqznqryfbp,2811,,2021-11-01 18:54:37,6
2315,3,brmwpkfdocvttteos,4871,,2021-11-01 18:54:37,3
2487,2,ojhhwmoa,5896,,2021-11-01 18:54:37,9
2755,2,qobnzwjxfvdmitjclcp,5756,,2021-11-01 18:54:37,7
2636,2,wflusbqbvipg,2712,,2021-11-01 18:54:37,10
2410,3,nyfsabmfkqpqmx,3741,,2021-11-01 18:54:37,7
2027,1,gscttz,3594,,2021-11-01 18:54:37,1
2353,3,odyjjvaltjgunftx,2459,,2021-11-01 18:54:37,9
2721,4,ugwddenmkhbdecwdguz,3418,,2021-11-01 18:54:37,1
2632,2,dkxfikdjbhfboicjnnt,2374,,2021-11-01 18:54:37,3
2691,5,vsxitcttezbe,3925,,2021-11-01 18:54:37,1
2657,3,wfm,5360,,2021-11-01 18:54:37,6
2355,2,zkegrjqv,4765,,2021-11-01 18:54:37,3
2097,5,xvnpnjdepacjqtxbsta,5716,,2021-11-01 18:54:37,7
2370,2,jjtvjmwgccqitlvyglcv,4042,,2021-11-01 18:54:37,3
2334,3,gzwmszftqp,5821,,2021-11-01 18:54:37,5
2733,5,ldheneupiq,4416,,2021-11-01 18:54:37,0
2371,5,gxpgzrlbgozxfjlilir,5130,,2021-11-01 18:54:37,6
2941,5,zwpntftntokugjcfw,3108,,2021-11-01 18:54:37,8
2568,4,bxvjgdadykp,4690,,2021-11-01 18:54:37,2
2603,4,oxeiegeebs,3795,,2021-11-01 18:54:37,2
2628,4,ssnuksba,4426,,2021-11-01 18:54:37,5
2922,4,tppqyy,3287,,2021-11-01 18:54:37,1
2100,5,pdyeenhgyexdiovrx,4199,,2021-11-01 18:54:37,4
2386,5,ursnbocxy,4720,,2021-11-01 18:54:37,10
2222,4,zatrzhznsmgijpohxo,5652,,2021-11-01 18:54:37,7
2637,3,arthztk,6497,,2021-11-01 18:54:37,8
2781,1,zprhoas,2140,,2021-11-01 18:54:37,9
2098,4,lqfpgoyfhzu,5820,,2021-11-01 18:54:37,9
2743,4,crwilzgaruhnez,4399,,2021-11-01 18:54:37,3
2652,3,dygxqntpg,5632,,2021-11-01 18:54:37,4
2601,5,cdaoqczyf,4390,,2021-11-01 18:54:37,8
2806,5,gpbj,3798,,2021-11-01 18:54:37,2
2814,5,rgeisgpwdkngobinu,2189,,2021-11-01 18:54:37,6
2701,1,poitemlzcaqgyzv,5267,,2021-11-01 18:54:37,10
2624,5,mnqy,3254,,2021-11-01 18:54:37,6
2175,5,musyvnwbqeabiallnm,5611,,2021-11-01 18:54:37,8
2308,5,ojaigxoozxt,4321,,2021-11-01 18:54:37,10
2088,2,yjnahdcnnwkrdwacvs,2764,,2021-11-01 18:54:37,2
2490,5,ogpgzbnsqt,5174,,2021-11-01 18:54:37,8
2313,4,mthwvldbnqw,5772,,2021-11-01 18:54:37,5
2336,1,jnqfvduuxfhigyqt,6212,,2021-11-01 18:54:37,5
2117,5,aoonja,3980,,2021-11-01 18:54:37,7
2086,3,hroovee,3493,,2021-11-01 18:54:37,8
2580,4,oqjgfsp,3694,,2021-11-01 18:54:37,2
2359,2,ujcbhexaijagqbxb,3009,,2021-11-01 18:54:37,0
2306,2,gbxjfsceemcbx,3433,,2021-11-01 18:54:37,0
2501,2,josokxyqeaf,2502,,2021-11-01 18:54:37,3
2758,5,ljwpfxoz,3442,,2021-11-01 18:54:37,3
2478,2,iewbspixjek,4547,,2021-11-01 18:54:37,2
2272,4,umbtlkuuicalv,3074,,2021-11-01 18:54:37,5
2542,5,mrmefnjcsa,2533,,2021-11-01 18:54:37,9
2473,3,ydviwjmzbedfk,4477,,2021-11-01 18:54:37,10
2960,5,dfpiuoidvulrtwalst,4704,,2021-11-01 18:54:37,9
2649,2,hozjdmtpxhqjh,3413,,2021-11-01 18:54:37,10
2888,4,vvazmvmpkfjzingultak,6165,,2021-11-01 18:54:37,2
2232,4,uwhunheqinwfppgu,2328,,2021-11-01 18:54:37,4
2268,5,vsoioyswxdv,5710,,2021-11-01 18:54:37,10
2973,4,bnckczrefadtizb,6700,,2021-11-01 18:54:37,5
2447,1,ipgl,6505,,2021-11-01 18:54:37,6
2675,1,ntiebxofwbpzty,5208,,2021-11-01 18:54:37,7
2327,4,ubxjukkdkbp,5751,,2021-11-01 18:54:37,8
2523,3,mkelnuufyqqeftpd,3545,,2021-11-01 18:54:37,7
2607,5,zsvjmwasm,3858,,2021-11-01 18:54:37,4
2897,3,xgcbdh,6938,,2021-11-01 18:54:37,0
2191,3,ywjlbfns,4481,,2021-11-01 18:54:37,5
2395,5,kxjfwhrpce,5149,,2021-11-01 18:54:37,9
2045,5,qfi,6673,,2021-11-01 18:54:37,2
2945,3,ijmwkqrvvucq,2760,,2021-11-01 18:54:37,1
2567,4,eldhbtf,2481,,2021-11-01 18:54:37,5
2471,2,zbrhsdbweni,5672,,2021-11-01 18:54:37,2
2776,5,iskt,4478,,2021-11-01 18:54:37,2
2919,5,rxicpjgsuc,6598,,2021-11-01 18:54:37,8
2905,2,uhcunigqzksdgtod,3592,,2021-11-01 18:54:37,4
2654,4,pxpgwaq,5741,,2021-11-01 18:54:37,8
2271,3,pxacvxsrrnaulnjzow,3225,,2021-11-01 18:54:37,6
2396,2,ncezugzsldaqu,6666,,2021-11-01 18:54:37,9
2211,5,qpekkaxehysyxphbj,3513,,2021-11-01 18:54:37,7
2748,4,zmvoeotry,4040,,2021-11-01 18:54:37,4
2978,2,qmc,3484,,2021-11-01 18:54:37,8
2717,2,fiyenyevzj,2636,,2021-11-01 18:54:37,6
2445,2,jukh,6478,,2021-11-01 18:54:37,4
2481,4,xzslcmlwqdsihrgnd,4244,,2021-11-01 18:54:37,7
2895,3,mnst,5047,,2021-11-01 18:54:37,5
2038,2,pzqvshhcppd,5423,,2021-11-01 18:54:37,9
2532,5,xcoxy,4452,,2021-11-01 18:54:37,0
2350,1,adeuburgd,3157,,2021-11-01 18:54:37,5
2710,3,zqkunv,2434,,2021-11-01 18:54:37,6
2265,3,qpc,5095,,2021-11-01 18:54:37,2
2288,1,uuyvpxj,4062,,2021-11-01 18:54:37,5
2880,4,gvbwvkphcllgl,4925,,2021-11-01 18:54:37,2
2376,1,kgztunjpsvjxfiha,4324,,2021-11-01 18:54:37,7
2817,5,ruhqfzq,3128,,2021-11-01 18:54:37,6
2438,4,rui,2562,,2021-11-01 18:54:37,10
2875,2,lpxywicaknzrg,3632,,2021-11-01 18:54:37,2
2159,1,xgwjlir,5871,,2021-11-01 18:54:37,3
2558,2,mepsqshqjitzncg,6831,,2021-11-01 18:54:37,6
2583,3,fklvifjbmxbmevsrxr,2879,,2021-11-01 18:54:37,6
2301,5,lfppoqqomexzgtaqeacr,4971,,2021-11-01 18:54:37,4
2208,5,elontwsspufaggyaab,4037,,2021-11-01 18:54:37,2
2138,1,qubjooe,5256,,2021-11-01 18:54:37,4
2273,2,yaxlbqcddirekg,4122,,2021-11-01 18:54:37,6
2521,1,uluqzztqad,4562,,2021-11-01 18:54:37,9
2483,5,uyznwdjbswgso,3943,,2021-11-01 18:54:37,9
2608,1,mbwqctd,3097,,2021-11-01 18:54:37,7
2458,2,vawvthveaidnwu,5094,,2021-11-01 18:54:37,5
2650,1,xiapebmntuw,5532,,2021-11-01 18:54:37,9
2513,2,umuanpse,5342,,2021-11-01 18:54:37,2
2555,4,sihmts,6937,,2021-11-01 18:54:37,1
2904,1,whfyvhoa,4284,,2021-11-01 18:54:37,2
2172,3,meqvwvkrwilbusm,3681,,2021-11-01 18:54:37,9
2391,3,wisjtthbu,3735,,2021-11-01 18:54:37,8
2013,2,kjm,3870,,2021-11-01 18:54:37,3
2324,5,ityhuziyuwkcurltkmnd,6722,,2021-11-01 18:54:37,8
2917,3,abxig,3889,,2021-11-01 18:54:37,2
2149,5,frraziovnqggd,6425,,2021-11-01 18:54:37,0
2840,2,vmxro,4311,,2021-11-01 18:54:37,8
2906,1,gkonjdn,6607,,2021-11-01 18:54:37,0
2015,2,znixzfwlvavwoyoj,4252,,2021-11-01 18:54:37,6
2455,3,urhwzsvfdsqw,5023,,2021-11-01 18:54:37,4
2560,4,hgikmsqyy,6154,,2021-11-01 18:54:37,5
2924,2,dwnddgzu,4384,,2021-11-01 18:54:37,4
2790,2,sqpcjouvwxgfoile,4299,,2021-11-01 18:54:37,6
2587,4,bblnn,5837,,2021-11-01 18:54:37,7
2338,4,noskvfnqzhgoknolqyrq,5028,,2021-11-01 18:54:37,0
2775,5,guzescuakyzuwmz,2212,,2021-11-01 18:54:37,0
2762,1,oivw,6104,,2021-11-01 18:54:37,2
2131,1,qpheadiqfvxr,3750,,2021-11-01 18:54:37,9
2230,5,huesicbhafncftbzqp,6455,,2021-11-01 18:54:37,7
2132,4,yxjys,6583,,2021-11-01 18:54:37,4
2246,1,zrmjhkdc,3961,,2021-11-01 18:54:37,3
2452,5,hxoj,2045,,2021-11-01 18:54:37,9
2011,5,ajkqctvemndttok,2479,,2021-11-01 18:54:37,2
2740,1,lhjr,4409,,2021-11-01 18:54:37,0
2034,2,jxakyfddbdluqdemu,5446,,2021-11-01 18:54:37,6
2753,3,tcpcnsezctmaqcxski,3710,,2021-11-01 18:54:37,7
2746,1,fhgahrdmsrdq,6916,,2021-11-01 18:54:37,7
2736,2,aztotdwathuqa,5224,,2021-11-01 18:54:37,7
2001,3,mysghcq,5063,,2021-11-01 18:54:37,2
2833,2,bsmwvu,4352,,2021-11-01 18:54:37,1
2561,2,lhq,4370,,2021-11-01 18:54:37,2
2611,3,bnobum,3674,,2021-11-01 18:54:37,9
2035,1,eszwwdkousdfqx,5730,,2021-11-01 18:54:37,6
2213,2,jlbpjbwjnnsuxyyztpo,2989,,2021-11-01 18:54:37,0
2712,2,uazkepbo,3834,,2021-11-01 18:54:37,7
2469,5,trbsiagca,3732,,2021-11-01 18:54:37,0
2400,5,qbykgwprzrnxyc,2815,,2021-11-01 18:54:37,1
2722,2,lgnwljkst,6739,,2021-11-01 18:54:37,4
2144,3,feowuo,4064,,2021-11-01 18:54:37,7
2477,5,suqejfhhzbjzyxqasd,2106,,2021-11-01 18:54:37,6
2251,3,bjqxxhcmfiixxnrtxbv,2452,,2021-11-01 18:54:37,1
2019,1,zchisxblbqkqzt,4273,,2021-11-01 18:54:37,8
2403,2,izkakodpvkyzk,5377,,2021-11-01 18:54:37,7
2434,2,mwo,6852,,2021-11-01 18:54:37,3
2486,5,erqqxnezxaejno,2338,,2021-11-01 18:54:37,4
2823,3,tugffwlajfvkcu,2679,,2021-11-01 18:54:37,3
2109,2,nyumjif,6275,,2021-11-01 18:54:37,8
2761,4,rtwwdmch,2543,,2021-11-01 18:54:37,1
2613,1,fnjspcrodjgp,5202,,2021-11-01 18:54:37,6
2910,2,jnolb,5747,,2021-11-01 18:54:37,8
2946,3,tafnbloamim,6088,,2021-11-01 18:54:37,8
2996,2,xxudfaco,2390,,2021-11-01 18:54:37,6
2335,2,imrckegkxgzvdjcfpr,5382,,2021-11-01 18:54:37,7
2754,2,wkiwtgbv,4070,,2021-11-01 18:54:37,9
2584,3,xsd,6781,,2021-11-01 18:54:37,2
2626,5,elfzjoupnajuwhj,5933,,2021-11-01 18:54:37,5
2591,5,ypkzbijsftefv,6584,,2021-11-01 18:54:37,1
2139,1,dsgyhtbkky,4619,,2021-11-01 18:54:37,5
2902,4,uhaxjxhajvvqozlc,6704,,2021-11-01 18:54:37,2
2433,3,roebxl,3842,,2021-11-01 18:54:37,6
2470,2,gcqmcccmbkuyvnjysg,3967,,2021-11-01 18:54:37,8
2646,5,latdkwzmwyfk,3654,,2021-11-01 18:54:37,3
2424,2,zyopadxqusehygb,4839,,2021-11-01 18:54:37,7
2029,1,fhmxteyzpvtobrdaes,6665,,2021-11-01 18:54:37,10
2629,1,lyqfhvzbce,6995,,2021-11-01 18:54:37,8
2719,2,tpmpigyyc,5309,,2021-11-01 18:54:37,4
2077,4,ymrbv,3064,,2021-11-01 18:54:37,7
2956,4,wsjiqfpsig,2592,,2021-11-01 18:54:37,6
2066,3,ktjflibzqwqydkjj,5827,,2021-11-01 18:54:37,6
2221,4,jddacpdiqljuu,4990,,2021-11-01 18:54:37,9
2885,2,bslvgvcoysmtgyefm,2330,,2021-11-01 18:54:37,4
2279,2,kwfofydewhzmfwcty,3706,,2021-11-01 18:54:37,1
2235,2,useutqzhbcdcbptqhfvv,4826,,2021-11-01 18:54:37,2
2544,5,hnkr,3055,,2021-11-01 18:54:37,10
2048,5,mcgtp,2523,,2021-11-01 18:54:37,1
2860,4,sqqckhohwxsj,5389,,2021-11-01 18:54:37,6
2651,3,lheckdhrhdh,5512,,2021-11-01 18:54:37,7
2596,1,txsycxqbajnwv,2677,,2021-11-01 18:54:37,5
2639,1,niazkngawvm,2190,,2021-11-01 18:54:37,7
2787,5,iuussyf,5403,,2021-11-01 18:54:37,6
2178,2,ujwpphbzyfjsskj,5629,,2021-11-01 18:54:37,8
2709,3,rxmmosnelxrsqak,2209,,2021-11-01 18:54:37,1
2177,4,axngohyseocmjutua,4365,,2021-11-01 18:54:37,5
2569,2,nxphcefvquwzex,3459,,2021-11-01 18:54:37,9
2916,1,bmtxs,2868,,2021-11-01 18:54:37,2
2018,3,yfhiooalhiohhiqqefs,4662,,2021-11-01 18:54:37,3
2530,3,hvqbmuez,2602,,2021-11-01 18:54:37,5
2676,4,zbaf,2493,,2021-11-01 18:54:37,3
2975,3,tscxdw,6650,,2021-11-01 18:54:37,0
2228,5,tfna,5039,,2021-11-01 18:54:37,10
2012,4,ywvnxbqyffti,4074,,2021-11-01 18:54:37,6
2065,3,rxp,2964,,2021-11-01 18:54:37,1
2240,3,gfdfgobbkecgu,2448,,2021-11-01 18:54:37,5
2348,5,qhjhbzwpspeqxc,5304,,2021-11-01 18:54:37,0
2113,2,xlhcrfjs,6317,,2021-11-01 18:54:37,8
2283,1,odtuciiywtyg,2852,,2021-11-01 18:54:37,1
2373,4,ojneruyixkokrij,5415,,2021-11-01 18:54:37,5
2256,4,kxuasuq,3007,,2021-11-01 18:54:37,2
2925,1,geu,2707,,2021-11-01 18:54:37,8
2170,4,xokyaee,6649,,2021-11-01 18:54:37,7
2849,4,wjwy,4529,,2021-11-01 18:54:37,1
2063,4,gudzriqbsmlsdduxlw,5879,,2021-11-01 18:54:37,4
2727,3,pzecruzrxvvgsfpg,2770,,2021-11-01 18:54:37,8
2935,4,hdpsqvlkqygaeldhf,6378,,2021-11-01 18:54:37,7
2153,5,epwfiumgaodnlvrxb,4434,,2021-11-01 18:54:37,10
2203,4,tzmoytbolqbdhkx,6951,,2021-11-01 18:54:37,7
2670,3,nbrpzgzxejlbd,2972,,2021-11-01 18:54:37,2
2174,2,gsoiykghwkhhfpfvg,6376,,2021-11-01 18:54:37,8
2800,2,phlo,5327,,2021-11-01 18:54:37,2
2017,5,eberdfqlqueeoimwm,4813,,2021-11-01 18:54:37,8
2802,3,ywj,4286,,2021-11-01 18:54:37,1
2496,1,cwfonmegp,2251,,2021-11-01 18:54:37,3
2571,5,yfha,2188,,2021-11-01 18:54:37,7
2623,3,mczyatx,4222,,2021-11-01 18:54:37,0
2573,5,qiicxryomjc,4627,,2021-11-01 18:54:37,9
2002,3,yyadtvdvtv,6480,,2021-11-01 18:54:37,9
2494,5,boztqjdvuivrruo,6255,,2021-11-01 18:54:37,7
2050,5,ksquhltyidptgqkvlf,4379,,2021-11-01 18:54:37,8
2383,5,mllcxcabtjvokiljnl,5924,,2021-11-01 18:54:37,8
2322,4,soigcgys,2215,,2021-11-01 18:54:37,4
2735,1,egozjqyphynamjngvzjb,2912,,2021-11-01 18:54:37,8
2562,1,fvkiiifxnitgd,3415,,2021-11-01 18:54:37,5
2414,2,nztf,2830,,2021-11-01 18:54:37,10
2392,2,fyhxkiqc,5984,,2021-11-01 18:54:37,9
2795,2,yztexhmsgdx,2552,,2021-11-01 18:54:37,1
2985,2,pdfzgseqqulrgbugsush,2670,,2021-11-01 18:54:37,8
2551,2,ynoqzywqvlwpvhv,2649,,2021-11-01 18:54:37,7
2739,2,kjmbeunfldbz,5825,,2021-11-01 18:54:37,2
2871,1,zbrsaiaescyighwsa,2741,,2021-11-01 18:54:37,0
2189,1,rio,5861,,2021-11-01 18:54:37,0
2025,1,rmidvo,2250,,2021-11-01 18:54:37,10
2789,1,lzeppmnlhvoqsxbheaa,4800,,2021-11-01 18:54:37,5
2119,5,ccbonxqtjmtkzhi,3066,,2021-11-01 18:54:37,1
2286,4,cddkdgynjqtwqlszrdh,6553,,2021-11-01 18:54:37,5
2786,5,xglpuhlbgfqlgl,5702,,2021-11-01 18:54:37,2
2004,5,iataneifpxcssueimej,6098,,2021-11-01 18:54:37,2
2566,4,wmlubtubvbbnnmmf,3773,,2021-11-01 18:54:37,10
2214,4,vmxoieefpfdzcjxue,6283,,2021-11-01 18:54:37,9
2647,2,esvuyvkfnkxthlbm,4441,,2021-11-01 18:54:37,10
2563,3,jjhdrrzsytqo,5442,,2021-11-01 18:54:37,4
2368,5,qdkklzofcfdbkimnng,3041,,2021-11-01 18:54:37,2
2783,2,fmpdkovgt,6158,,2021-11-01 18:54:37,6
2791,3,nnvozb,4116,,2021-11-01 18:54:37,6
2874,3,twahhicufivdsmrllhk,6869,,2021-11-01 18:54:37,3
2242,5,qebyqnqk,3872,,2021-11-01 18:54:37,9
2850,2,vvvhe,3085,,2021-11-01 18:54:37,9
2199,2,tuftiaeeclolxbafsxgh,6941,,2021-11-01 18:54:37,6
2579,3,wvwet,5523,,2021-11-01 18:54:37,9
2302,3,iacb,2916,,2021-11-01 18:54:37,8
2128,4,sckflvuyfxkdizsh,6209,,2021-11-01 18:54:37,5
2889,2,uzgmhnjwjbouz,6808,,2021-11-01 18:54:37,4
2198,2,brgxzmblnleeprc,3913,,2021-11-01 18:54:37,9
2323,2,lgkpzdsvawia,2083,,2021-11-01 18:54:37,0
2908,1,fomqdqqzjwiqruhzn,5771,,2021-11-01 18:54:37,4
2110,1,quehxxrfufaudvsam,4141,,2021-11-01 18:54:37,9
2204,2,pelwogoevkdt,6226,,2021-11-01 18:54:37,0
2855,4,ruavfdnbsy,5881,,2021-11-01 18:54:37,3
2436,1,bonhmrtbgeprwo,5590,,2021-11-01 18:54:37,2
2304,4,mclabvwzxnsxdd,2073,,2021-11-01 18:54:37,6
2142,4,wfmcc,3529,,2021-11-01 18:54:37,0
2274,2,ccibymobwsoeo,3605,,2021-11-01 18:54:37,2
2253,3,zaemszpyzv,4448,,2021-11-01 18:54:37,6
2984,4,llucnigkes,2564,,2021-11-01 18:54:37,10
2950,2,vxabksexdwxaujhz,6195,,2021-11-01 18:54:37,6
2010,2,yjzkoxkhterxnsfsjf,4327,,2021-11-01 18:54:37,5
2316,4,zapxptgg,5193,,2021-11-01 18:54:37,4
2500,3,ogigxvymqab,5080,,2021-11-01 18:54:37,10
2822,1,ynpcbhnzlfj,3784,,2021-11-01 18:54:37,5
2255,3,adgg,5917,,2021-11-01 18:54:37,0
2700,1,lrntoqnwwydayyxc,4102,,2021-11-01 18:54:37,0
2744,1,ocppwdczahtukgyrtln,6985,,2021-11-01 18:54:37,1
2181,1,pqblcujfpmmtrxbwvkdq,4667,,2021-11-01 18:54:37,4
2749,4,iykx,5314,,2021-11-01 18:54:37,4
2549,1,jadldffpihzk,5151,,2021-11-01 18:54:37,1
2900,1,zqi,4588,,2021-11-01 18:54:37,6
2145,5,rdvxhhrvvdjthqldsu,4092,,2021-11-01 18:54:37,4
2068,2,ixduumxqod,5134,,2021-11-01 18:54:37,10
2441,2,abnxmz,6372,,2021-11-01 18:54:37,7
2401,4,vkmciakw,2038,,2021-11-01 18:54:37,2
2575,1,cglfxp,3753,,2021-11-01 18:54:37,0
2108,5,kplaflwylk,4348,,2021-11-01 18:54:37,1
2515,5,jmrhgpfjbepgugsh,6160,,2021-11-01 18:54:37,6
2665,1,fpjzeyhnxaqmangzhkk,2843,,2021-11-01 18:54:37,7
2838,4,ngrkufovnfmbt,3130,,2021-11-01 18:54:37,10
2224,5,sdnucwvxxeizvb,3845,,2021-11-01 18:54:37,0
2052,5,jvuccrofukafqrbu,6989,,2021-11-01 18:54:37,1
2865,4,avxtrbimptbhb,4091,,2021-11-01 18:54:37,9
2067,5,iivnrdstbtaftmzms,6192,,2021-11-01 18:54:37,0
2810,4,rqyrnqgfyv,2876,,2021-11-01 18:54:37,5
2137,2,atxgysdpldespu,2023,,2021-11-01 18:54:37,1
2182,4,qmcmstnwvnkpaxh,3286,,2021-11-01 18:54:37,2
2421,1,jvsyafhm,2176,,2021-11-01 18:54:37,6
2931,3,lautskqvod,6463,,2021-11-01 18:54:37,3
2538,3,eanwtxxezktf,3330,,2021-11-01 18:54:37,4
2223,2,mspa,2507,,2021-11-01 18:54:37,5
2321,1,uxpjyfoxjbclmbvyg,6345,,2021-11-01 18:54:37,9
2095,3,sgk,6627,,2021-11-01 18:54:37,6
2526,2,khs,5478,,2021-11-01 18:54:37,8
2861,2,xlubmcqeymgzhzk,4066,,2021-11-01 18:54:37,7
2903,3,vttpxqnbbrezntwkfw,2745,,2021-11-01 18:54:37,9
2893,2,xjvgrsrcnph,5283,,2021-11-01 18:54:37,4
2194,1,gazmccszyj,4322,,2021-11-01 18:54:37,2
2390,1,hldlrqumqexwo,2816,,2021-11-01 18:54:37,7
2972,3,icwozacwblyoiulyop,6102,,2021-11-01 18:54:37,2
2612,3,ezkpcfsk,4110,,2021-11-01 18:54:37,6
2446,1,drrxqzybyobldqu,2748,,2021-11-01 18:54:37,1
2873,2,lag,2286,,2021-11-01 18:54:37,2
2938,5,flbflm,4644,,2021-11-01 18:54:37,8
2275,3,sgxzc,6710,,2021-11-01 18:54:37,10
2738,2,ozdu,4071,,2021-11-01 18:54:37,7
2423,4,eiofm,2148,,2021-11-01 18:54:37,2
2847,4,umzaalkvno,5077,,2021-11-01 18:54:37,5
2937,3,wrfa,6430,,2021-11-01 18:54:37,3
2340,4,paswjmpr,2823,,2021-11-01 18:54:37,5
2967,1,zlvku,6278,,2021-11-01 18:54:37,6
2432,3,nckkwvaaskcplvqvvl,3322,,2021-11-01 18:54:37,3
2858,1,oxdusvuunnsoajvdnbdf,4949,,2021-11-01 18:54:37,7
2389,2,gbg,3636,,2021-11-01 18:54:37,3
2503,3,zkgfnmad,3838,,2021-11-01 18:54:37,6
2443,4,nzcjxijm,6506,,2021-11-01 18:54:37,10
2258,2,eihozemh,4762,,2021-11-01 18:54:37,5
2459,4,shlngdbxpiudquudb,4786,,2021-11-01 18:54:37,3
2330,1,oheqabhtvqvwbhih,4095,,2021-11-01 18:54:37,2
2074,5,xjvumkjxz,6572,,2021-11-01 18:54:37,7
2690,4,sihrydlhv,6793,,2021-11-01 18:54:37,2
2444,5,qgvgwiihjnedf,5767,,2021-11-01 18:54:37,5
2547,3,ejghwpgmpmqrjxykitu,4533,,2021-11-01 18:54:37,10
2179,3,lxnkeanlugreidot,3124,,2021-11-01 18:54:37,5
2051,4,qiwslfnjpcbarwybkpd,4307,,2021-11-01 18:54:37,9
2953,1,osafmgqewnn,3624,,2021-11-01 18:54:37,5
2231,3,vqlhbaxgyqbdp,5082,,2021-11-01 18:54:37,0
2311,3,zjyhta,2041,,2021-11-01 18:54:37,7
2351,5,ehejebbmdaqspnn,5635,,2021-11-01 18:54:37,9
2890,5,jlxlkrkafkwflmfrftvh,2604,,2021-11-01 18:54:37,7
2022,5,sfxrv,4999,,2021-11-01 18:54:37,7
2622,5,rmhpsf,5336,,2021-11-01 18:54:37,6
2669,3,xuilooypxvrakhh,4446,,2021-11-01 18:54:37,9
2794,4,hntxcljrvkqrq,2642,,2021-11-01 18:54:37,1
2620,5,aemmapomlbou,2659,,2021-11-01 18:54:37,6
2816,3,ywgiizruehowjcezumuy,6448,,2021-11-01 18:54:37,9
2656,1,gurvotwdeidtbxmvrdo,6936,,2021-11-01 18:54:37,2
2031,5,zelccqqycmax,2111,,2021-11-01 18:54:37,5
2120,1,qneyysrqxnyfjcaukc,2499,,2021-11-01 18:54:37,4
2725,1,ujjgjdserziuebgcgi,3502,,2021-11-01 18:54:37,7
2829,5,vcxdokt,3517,,2021-11-01 18:54:37,10
2520,4,pssr,2658,,2021-11-01 18:54:37,10
2047,1,fpoxqr,5637,,2021-11-01 18:54:37,8
2653,2,mwjieaxjdmjkutcvwl,5695,,2021-11-01 18:54:37,0
2844,4,pegnpajvifdpwjfh,5693,,2021-11-01 18:54:37,5
2894,5,eyscszbg,4918,,2021-11-01 18:54:37,7
2586,1,ajwmkxc,4630,,2021-11-01 18:54:37,6
2422,3,aamhrtdxzxpkk,6385,,2021-11-01 18:54:37,2
2498,3,rbegyefuxz,5704,,2021-11-01 18:54:37,2
2250,5,gvghf,4312,,2021-11-01 18:54:37,4
2326,2,xtgmxlmsgbkrdkqvhddh,4033,,2021-11-01 18:54:37,3
2635,5,lni,4628,,2021-11-01 18:54:37,5
2292,1,mhzknyue,4516,,2021-11-01 18:54:37,1
2756,1,iuisttvrxjbvkxbjraz,3359,,2021-11-01 18:54:37,9
2442,4,bfzdktdd,6304,,2021-11-01 18:54:37,9
2765,5,bbojspgtym,6614,,2021-11-01 18:54:37,1
2133,5,gsfa,5427,,2021-11-01 18:54:37,5
2032,3,qbhnwyul,3736,,2021-11-01 18:54:37,4
2297,4,wfjbukpssfhaufxmmkhs,2420,,2021-11-01 18:54:37,1
2706,1,eyhmesdn,2025,,2021-11-01 18:54:37,9
2167,2,yddsiideponl,3595,,2021-11-01 18:54:37,1
2319,4,sxlunpz,6758,,2021-11-01 18:54:37,2
2463,2,exhztrgobz,2933,,2021-11-01 18:54:37,9
2801,3,afecomcsmcckwuhkbt,6881,,2021-11-01 18:54:37,10
2125,4,oahsicusbcearmftdudz,3532,,2021-11-01 18:54:37,5
2407,3,wqljzknperjuc,3977,,2021-11-01 18:54:37,7
2939,4,jngdzeohemtffvbwd,2955,,2021-11-01 18:54:37,3
2876,3,zyumlboetgbkplfbgjgr,4595,,2021-11-01 18:54:37,4
2439,4,vbvoccvjpermc,3960,,2021-11-01 18:54:37,10
2420,5,gqsvazytuprtjmiewod,6016,,2021-11-01 18:54:37,0
2014,5,gfvwoahdc,5065,,2021-11-01 18:54:37,10
2508,4,afjcaqivoznnsiraplog,2034,,2021-11-01 18:54:37,7
2072,2,oliwauhxyn,2178,,2021-11-01 18:54:37,9
2713,2,cxiqc,3946,,2021-11-01 18:54:37,2
2659,5,dxizdpcrxxkyo,6795,,2021-11-01 18:54:37,4
2582,3,tvmv,3569,,2021-11-01 18:54:37,3
2260,2,wjy,2676,,2021-11-01 18:54:37,5
2309,3,kzm,3304,,2021-11-01 18:54:37,7
2023,3,bvsjbf,4820,,2021-11-01 18:54:37,8
2075,2,jookvnebtrpiufdtwval,5649,,2021-11-01 18:54:37,3
2435,5,rshivumadugk,2009,,2021-11-01 18:54:37,8
2312,3,bghfrkxy,2446,,2021-11-01 18:54:37,0
2991,5,vlgegqcykuyvqsv,5769,,2021-11-01 18:54:37,5
2491,1,nkfgleaudtdyoq,6712,,2021-11-01 18:54:37,7
2681,4,durhqx,4666,,2021-11-01 18:54:37,0
2369,5,foxvvmhfxzxls,4857,,2021-11-01 18:54:37,3
2082,2,cxbbtuwwgfsldj,4508,,2021-11-01 18:54:37,6
2263,5,jxhtvewpoaxa,6672,,2021-11-01 18:54:37,9
2773,4,lfvhryggslbmuz,6720,,2021-11-01 18:54:37,5
2947,4,wwoeax,5724,,2021-11-01 18:54:37,7
2804,3,kyygopqtdmbcb,3352,,2021-11-01 18:54:37,4
2737,1,vtyi,6201,,2021-11-01 18:54:37,3
2512,4,xtztpudhxpcmbizbdiz,3246,,2021-11-01 18:54:37,6
2609,3,vapvphupv,2775,,2021-11-01 18:54:37,10
2173,4,omrtrmoq,5429,,2021-11-01 18:54:37,8
2578,2,urykrbzsycgiqm,2442,,2021-11-01 18:54:37,10
2060,1,lzdanhrhra,6921,,2021-11-01 18:54:37,7
2764,3,kjpa,5217,,2021-11-01 18:54:37,8
2731,4,ldcjou,5450,,2021-11-01 18:54:37,3
2081,5,hts,6453,,2021-11-01 18:54:37,8
2711,3,lrnmjszietfritth,6558,,2021-11-01 18:54:37,3
2594,2,fcdy,2600,,2021-11-01 18:54:37,3
2252,2,xwtjthqgiebtklsj,2084,,2021-11-01 18:54:37,8
2298,1,fmwghvli,2005,,2021-11-01 18:54:37,8
2236,1,vwljcuamnxmvdo,4544,,2021-11-01 18:54:37,0
2533,2,pwtnblt,2701,,2021-11-01 18:54:37,5
2528,3,swzaysviinzamabgars,2949,,2021-11-01 18:54:37,5
2156,4,jkalyzcpkmmrxesp,6169,,2021-11-01 18:54:37,5
2409,2,ukazsbnhzihhkxsk,3239,,2021-11-01 18:54:37,5
2614,3,utkzagjnazrijnzkv,2783,,2021-11-01 18:54:37,4
2552,2,fcytlqfpqlknfmzwpve,2101,,2021-11-01 18:54:37,3
2553,2,quxbjnfpscym,2370,,2021-11-01 18:54:37,0
2328,3,mhzyddsutvglyx,4028,,2021-11-01 18:54:37,9
2593,2,jfcapc,6107,,2021-11-01 18:54:37,3
2489,4,apchqfgqmscwjemwhlot,5306,,2021-11-01 18:54:37,3
2767,5,ogbjcjpzwcolr,6124,,2021-11-01 18:54:37,0
2333,1,ygvdbyakbh,2638,,2021-11-01 18:54:37,2
2241,4,jiwhi,6648,,2021-11-01 18:54:37,4
2846,1,sqnjpgsdxamlttpfddn,3990,,2021-11-01 18:54:37,3
2192,3,scnudaxgidgvsnmnps,4112,,2021-11-01 18:54:37,5
2102,4,ipmgbhxugowqbvpji,2223,,2021-11-01 18:54:37,6
2581,1,nwvlzurvmmqpkiotrp,5863,,2021-11-01 18:54:37,6
2821,1,lafmoicz,2431,,2021-11-01 18:54:37,10
2087,3,rltwpjkzesb,3923,,2021-11-01 18:54:37,3
2398,4,zdxvmqgigi,6638,,2021-11-01 18:54:37,6
2127,3,lxy,5108,,2021-11-01 18:54:37,0
2785,5,hxmsqux,5593,,2021-11-01 18:54:37,4
2505,1,wzrzvsc,3443,,2021-11-01 18:54:37,6
2206,5,faptvuz,4958,,2021-11-01 18:54:37,7
2419,3,hosy,4255,,2021-11-01 18:54:37,0
2597,2,mbcnbbnrricqws,4152,,2021-11-01 18:54:37,4
2210,3,vezczxdhlldzr,5656,,2021-11-01 18:54:37,4
2116,1,zta,5105,,2021-11-01 18:54:37,9
2695,1,bqffc,6306,,2021-11-01 18:54:37,7
2162,3,cgiutmynepa,4653,,2021-11-01 18:54:37,5
2980,5,epjdeejle,5343,,2021-11-01 18:54:37,6
2548,2,kxyyclqwtgovstzyw,4010,,2021-11-01 18:54:37,0
2720,3,jjdnukvnmnrlj,5176,,2021-11-01 18:54:37,8
2448,5,yxny,2926,,2021-11-01 18:54:37,1
2103,5,hzwsm,5941,,2021-11-01 18:54:37,5
2484,3,tlwtruw,5273,,2021-11-01 18:54:37,1
2559,4,gzldutpwzj,4651,,2021-11-01 18:54:37,3
2382,1,vfftkhhpzxuy,3252,,2021-11-01 18:54:37,9
2285,4,dtvrmkezgdqgrrtx,6470,,2021-11-01 18:54:37,0
2450,4,amgdodau,4778,,2021-11-01 18:54:37,4
2677,2,phizxto,2280,,2021-11-01 18:54:37,2
2982,5,udvzl,4850,,2021-11-01 18:54:37,7
2036,2,oqniordoeofjjsbck,2218,,2021-11-01 18:54:37,4
2808,1,mrhjuvqjgvsddeszmj,4394,,2021-11-01 18:54:37,7
2853,5,xlrgzxcmu,4901,,2021-11-01 18:54:37,8
2732,3,jnxeiyxvlap,5426,,2021-11-01 18:54:37,1
2968,2,qrkembpwqyvnronpbq,3861,,2021-11-01 18:54:37,3
2682,3,wlzhabkprudsctxcpoxl,3515,,2021-11-01 18:54:37,1
2606,4,kjc,5759,,2021-11-01 18:54:37,6
2115,1,kiuvrrbmrldpcdugcht,5241,,2021-11-01 18:54:37,2
2952,4,rkbitv,4354,,2021-11-01 18:54:37,10
2634,4,uyfyn,4216,,2021-11-01 18:54:37,3
2440,3,ipwkxqz,6894,,2021-11-01 18:54:37,9
2418,3,bvd,3437,,2021-11-01 18:54:37,9
2114,3,zyzvoscddyydo,2411,,2021-11-01 18:54:37,4
2769,3,usknfjthrennajtqkvie,5195,,2021-11-01 18:54:37,3
2716,3,fhnhgmmvkxnqythv,6997,,2021-11-01 18:54:37,5
2126,4,qyczyxilznh,2129,,2021-11-01 18:54:37,5
2697,1,hfzgjed,6319,,2021-11-01 18:54:37,5
2610,5,ntbct,4647,,2021-11-01 18:54:37,5
2341,2,nfdl,6441,,2021-11-01 18:54:37,7
2360,4,pffrwg,6542,,2021-11-01 18:54:37,5
2907,1,fhsdagxvfqudbailwta,6349,,2021-11-01 18:54:37,10
2955,1,rjkwkdhzyc,5727,,2021-11-01 18:54:37,2
2627,5,gzilxbqsaykljgvecuh,3697,,2021-11-01 18:54:37,7
2378,4,qdlczxvsjjsl,5090,,2021-11-01 18:54:37,5
2921,5,loleuejwgdahll,2998,,2021-11-01 18:54:37,9
2220,4,mrctglweoagk,3930,,2021-11-01 18:54:37,5
2827,2,yeqdbygsz,5757,,2021-11-01 18:54:37,10
2576,2,khzgrnxpfqultrjvfhq,6982,,2021-11-01 18:54:37,5
2244,4,fnwrcuqdnnbfxnuefktr,4282,,2021-11-01 18:54:37,0
2164,2,zkpkunjcpeuqxmdhy,6034,,2021-11-01 18:54:37,1
2080,4,lmhbaetyebgq,4225,,2021-11-01 18:54:37,10
2476,4,vqtvuagqlsigp,4596,,2021-11-01 18:54:37,5
2497,1,bsrugdzn,4224,,2021-11-01 18:54:37,9
2859,3,iudofffx,2205,,2021-11-01 18:54:37,4
2899,5,ulfanm,5277,,2021-11-01 18:54:37,2
2577,5,pzbxksttumwfwa,6856,,2021-11-01 18:54:37,2
2723,5,oewreil,2556,,2021-11-01 18:54:37,6
2974,1,brapqd,2861,,2021-11-01 18:54:37,9
2655,1,dxrdxfzt,4714,,2021-11-01 18:54:37,4
2957,4,mxpisovsrtl,2281,,2021-11-01 18:54:37,10
2782,5,zdv,6580,,2021-11-01 18:54:37,3
2747,1,uczaourtsxvmlruh,6408,,2021-11-01 18:54:37,8
2928,4,tgjrjwsj,3499,,2021-11-01 18:54:37,4
2504,3,eqap,5994,,2021-11-01 18:54:37,0
2021,3,csyitxuxtwojl,5744,,2021-11-01 18:54:37,6
2278,3,bpuqjarminwq,2577,,2021-11-01 18:54:37,9
2971,5,uifj,5485,,2021-11-01 18:54:37,3
2970,1,ogpuapjofm,5576,,2021-11-01 18:54:37,0
2024,5,bhtw,3295,,2021-11-01 18:54:37,0
2227,3,quyjbhctyklvyffbjc,6652,,2021-11-01 18:54:37,3
2911,4,quwuwvokgm,3336,,2021-11-01 18:54:37,4
2413,2,bkxvkqrprkdshnkzrmo,6800,,2021-11-01 18:54:37,6
2752,5,tqhotqgyj,5177,,2021-11-01 18:54:37,6
2671,3,qspklqkynokjieimmsg,4435,,2021-11-01 18:54:37,8
2030,4,dhufypvgxvrfvumfflqg,2085,,2021-11-01 18:54:37,2
2977,5,juyegritgzqgcunaxwt,4181,,2021-11-01 18:54:37,3
2857,1,tdvoapmmcow,3421,,2021-11-01 18:54:37,6
2049,3,miu,2382,,2021-11-01 18:54:37,4
2462,2,wfp,3126,,2021-11-01 18:54:37,6
2645,4,ambozmfyqmhefoswhki,3570,,2021-11-01 18:54:37,2
2524,3,cninvcvpwkfmwbya,3836,,2021-11-01 18:54:37,7
2096,4,hbmbjoxdxeurcb,2264,,2021-11-01 18:54:37,8
2536,5,apelairmgmoquyaj,3432,,2021-11-01 18:54:37,4
2148,5,danf,3004,,2021-11-01 18:54:37,9
2872,4,bpebutpjoqhg,2295,,2021-11-01 18:54:37,5
2248,3,gpjh,6816,,2021-11-01 18:54:37,7
2257,5,ttemqwwyktcqzutlbj,4283,,2021-11-01 18:54:37,1
2397,1,wjwu,4996,,2021-11-01 18:54:37,6
2887,3,vzljjp,2630,,2021-11-01 18:54:37,10
2866,5,qpqpug,5141,,2021-11-01 18:54:37,10
2121,5,vhcyevga,2180,,2021-11-01 18:54:37,1
2269,2,aclyzd,2956,,2021-11-01 18:54:37,10
2625,1,imtnbawlqa,2744,,2021-11-01 18:54:37,9
2927,2,ytnovqkoerej,2343,,2021-11-01 18:54:37,1
2570,3,ikkkqmbgo,6829,,2021-11-01 18:54:37,8
2763,5,dnluyzjzghn,3888,,2021-11-01 18:54:37,2
2466,1,zjlcgskc,5535,,2021-11-01 18:54:37,10
2186,1,tiibzehhgq,6609,,2021-11-01 18:54:37,1
2426,1,lcmtsmzmjndebsoin,3855,,2021-11-01 18:54:37,1
2590,3,mraorqsigqikbichqvrz,2693,,2021-11-01 18:54:37,1
2507,4,oqjjqdqnpqyv,6393,,2021-11-01 18:54:37,10
2135,5,fcgspagl,3737,,2021-11-01 18:54:37,2
2493,5,ecrlqesahidzokssc,4960,,2021-11-01 18:54:37,3
2525,1,tjcxhboyhevfhodalicd,6725,,2021-11-01 18:54:37,1
2742,4,cjpt,4030,,2021-11-01 18:54:37,2
2219,4,kdahknchlklojbb,6730,,2021-11-01 18:54:37,1
2878,2,qvtkngvwuzlcdcwajh,5828,,2021-11-01 18:54:37,1
2661,3,xudgiq,3151,,2021-11-01 18:54:37,3
2766,3,qpcmgfhyt,5474,,2021-11-01 18:54:37,8
2809,4,anbjyd,6555,,2021-11-01 18:54:37,8
2819,2,dmeswskkukcfubc,6996,,2021-11-01 18:54:37,1
2393,4,ikfrexmbput,3860,,2021-11-01 18:54:37,0
2195,2,bfysjoqgqptrzpwimwc,4532,,2021-11-01 18:54:37,7
2803,1,cjrpzfx,5179,,2021-11-01 18:54:37,0
2689,4,tscacftvhmvnfqcpjey,3341,,2021-11-01 18:54:37,1
2218,3,yuupizphzedopooc,4002,,2021-11-01 18:54:37,0
2914,4,dahnwqo,4193,,2021-11-01 18:54:37,7
2751,4,xznkwpnp,4817,,2021-11-01 18:54:37,7
2472,5,fpk,4896,,2021-11-01 18:54:37,8
2234,5,oguhcpwwlrxtpvfq,2402,,2021-11-01 18:54:37,1
2073,3,ntvievtaku,3148,,2021-11-01 18:54:37,6
2118,3,guzerkyyodhemcs,4750,,2021-11-01 18:54:37,4
2926,5,dsvfabpc,6415,,2021-11-01 18:54:37,10
2912,1,bitdlvugs,2291,,2021-11-01 18:54:37,4
2366,5,jjmzkgwkazivdljrcd,3072,,2021-11-01 18:54:37,2
2660,1,mclnzjsc,3619,,2021-11-01 18:54:37,10
2365,4,oplmrqihztkz,4794,,2021-11-01 18:54:37,6
2667,2,elw,5116,,2021-11-01 18:54:37,1
2517,2,xfatb,3565,,2021-11-01 18:54:37,2
2188,2,ygbqecbclahqjjmatz,2361,,2021-11-01 18:54:37,8
2161,4,kmjuqsihjxqzcmhg,2423,,2021-11-01 18:54:37,5
2546,1,uspluxzaeaxeh,2746,,2021-11-01 18:54:37,3
2347,2,rflfbenf,2210,,2021-11-01 18:54:37,9
2467,5,lismzcxoedrhnuntnbha,6978,,2021-11-01 18:54:37,10
2317,2,lqwpczdzsjkk,3651,,2021-11-01 18:54:37,10
2793,5,vymnqdljwgfcjopodn,5552,,2021-11-01 18:54:37,3
2310,1,qnopsxkkfn,3631,,2021-11-01 18:54:37,4
2618,4,crdskcfi,3138,,2021-11-01 18:54:37,3
2673,3,ijhgiadubmc,4083,,2021-11-01 18:54:37,5
2054,3,eiywgkchudqob,2714,,2021-11-01 18:54:37,3
2934,5,qtm,5826,,2021-11-01 18:54:37,1
2772,1,hgpaofouyyiviwpxnpu,4014,,2021-11-01 18:54:37,9
2760,4,tsvktqhwslbhubg,6038,,2021-11-01 18:54:37,2
2349,2,pyqderxntcwqopqybm,3349,,2021-11-01 18:54:37,6
2745,1,byognkcfwseew,6121,,2021-11-01 18:54:37,3
2999,3,jkmofec,4274,,2021-11-01 18:54:37,4
2354,1,abjhhevarzvvgfhrx,2757,,2021-11-01 18:54:37,2
2830,2,muoofxnbhiqqnf,6243,,2021-11-01 18:54:37,6
2243,5,aohvuoplkmvgutnlfold,3164,,2021-11-01 18:54:37,4
2598,4,ksmigkbhvadhvn,5795,,2021-11-01 18:54:37,10
2384,2,xwnzrvjmaszfjtnod,5240,,2021-11-01 18:54:37,0
2839,2,cskewrgl,5135,,2021-11-01 18:54:37,10
2239,1,pcpjmlfiiyp,3596,,2021-11-01 18:54:37,5
2091,2,eqzzob,6065,,2021-11-01 18:54:37,1
2693,2,anzaabbiwzdpqctt,4624,,2021-11-01 18:54:37,1
2828,2,zfjzbuc,2427,,2021-11-01 18:54:37,7
2259,2,mgqhgpwydlsdrdun,6784,,2021-11-01 18:54:37,0
2405,3,shydlsycnapurgrb,3809,,2021-11-01 18:54:37,7
2332,4,qatbvhyzausjluchst,6377,,2021-11-01 18:54:37,2
2600,4,vehrtgjztckfmrkp,5024,,2021-11-01 18:54:37,0
2987,3,uhocymueljkqrnohzbgs,5909,,2021-11-01 18:54:37,1
2062,2,lnsimxrwwlxnsatw,3879,,2021-11-01 18:54:37,10
2247,4,mmbslwmdhfsyyhrwcyub,5743,,2021-11-01 18:54:37,5
2289,4,wxqsvktpeuywic,6999,,2021-11-01 18:54:37,2
2105,1,rptfvmgbksubltkalna,2710,,2021-11-01 18:54:37,6
2475,4,sfswqoossiolfjvmtd,3229,,2021-11-01 18:54:37,3
2290,3,xblkyodnmp,2202,,2021-11-01 18:54:37,7
2702,3,kiqgbnahyzroa,3578,,2021-11-01 18:54:37,7
2543,1,pixwzpzvidlc,3856,,2021-11-01 18:54:37,0
2280,1,gywvphzg,6136,,2021-11-01 18:54:37,10
2229,5,wmlfuamhluubivnhnizo,3083,,2021-11-01 18:54:37,5
2826,5,twrfjcnh,2416,,2021-11-01 18:54:37,0
2997,4,bvnfntgugf,2229,,2021-11-01 18:54:37,5
2453,2,ygrigksxhryyrhuh,4670,,2021-11-01 18:54:37,6
2506,1,yvfmmkon,6768,,2021-11-01 18:54:37,6
2008,1,gouz,3734,,2021-11-01 18:54:37,9
2028,5,fpywarebmekkrkfhfp,6095,,2021-11-01 18:54:37,1
2157,3,cztenmivnabikfgwtpgz,2899,,2021-11-01 18:54:37,7
2295,2,wiobxbydmrguakf,2395,,2021-11-01 18:54:37,9
2929,5,vnjfseefvfliuqjugq,2547,,2021-11-01 18:54:37,7
2678,2,xegzb,2115,,2021-11-01 18:54:37,0
2909,2,xnhbhsdmodhud,5186,,2021-11-01 18:54:37,7
2123,3,znovim,5536,,2021-11-01 18:54:37,8
2856,4,bzjsf,5348,,2021-11-01 18:54:37,0
2932,3,imdfthejtpv,2512,,2021-11-01 18:54:37,10
2648,4,cyyzmjiispcwcpszjxsh,4371,,2021-11-01 18:54:37,1
2006,2,vonikyxya,4802,,2021-11-01 18:54:37,0
2798,4,ogmjx,5390,,2021-11-01 18:54:37,3
2686,3,udgxd,2576,,2021-11-01 18:54:37,8
2020,4,elr,3240,,2021-11-01 18:54:37,3
2129,2,enrpxnkcqusqmqxep,3078,,2021-11-01 18:54:37,3
2495,2,jfxm,4036,,2021-11-01 18:54:37,5
2759,5,ketzk,5494,,2021-11-01 18:54:37,2
2641,3,cotql,4202,,2021-11-01 18:54:37,2
2961,2,fvcdofcwucftwzwfc,5099,,2021-11-01 18:54:37,3
2728,3,uymrzwmycqaeqngey,3198,,2021-11-01 18:54:37,1
2837,2,brybhy,2963,,2021-11-01 18:54:37,1
2071,4,rrcwatsnrasujmfwze,2075,,2021-11-01 18:54:37,5
2988,2,otjkg,2825,,2021-11-01 18:54:37,0
2212,2,rnwknkflm,6882,,2021-11-01 18:54:37,2
2457,1,jpqydmgqvggcz,4841,,2021-11-01 18:54:37,5
2976,1,qaeuuxrkx,6682,,2021-11-01 18:54:37,5
2183,5,cuxwrzgqx,4486,,2021-11-01 18:54:37,10
2796,2,lqgqekpuyfazipcqva,3399,,2021-11-01 18:54:37,6
2643,2,equirnclchqymomx,6868,,2021-11-01 18:54:37,0
2374,1,obnnhdlzokldheubqft,5916,,2021-11-01 18:54:37,6
2111,5,tqwivvjrvfjzaiduj,5069,,2021-11-01 18:54:37,8
2797,1,uoaduagmdwqsudyftox,6724,,2021-11-01 18:54:37,7
2412,5,opb,4607,,2021-11-01 18:54:37,1
2200,5,stvktktusjvmyaiwjhac,5355,,2021-11-01 18:54:37,7
2811,2,ris,5701,,2021-11-01 18:54:37,4
2696,5,siwemacsyhib,6796,,2021-11-01 18:54:37,8
2196,1,dahyvov,5888,,2021-11-01 18:54:37,3
2372,2,avteyzxgdxgdussbpees,4972,,2021-11-01 18:54:37,2
2425,4,hxbmwywzttkmcovgui,5497,,2021-11-01 18:54:37,3
2572,2,zrwfiionugjmkdzlfo,4145,,2021-11-01 18:54:37,5
2099,5,iqqevxmhlgemntup,4991,,2021-11-01 18:54:37,8
2604,3,gtbugyoq,5042,,2021-11-01 18:54:37,10
2300,2,hajqsxhdfxg,3816,,2021-11-01 18:54:37,3
2261,4,ycjcrz,2696,,2021-11-01 18:54:37,0
2554,1,wujxnefksargbotiu,2379,,2021-11-01 18:54:37,8
2380,2,fdodlnpzzqnggw,4336,,2021-11-01 18:54:37,2
2662,3,xvy,2905,,2021-11-01 18:54:37,8
2877,3,tqvcgwnzhvlthetki,2574,,2021-11-01 18:54:37,9
2416,4,kzsowqxsgfkyupcp,2857,,2021-11-01 18:54:37,7
2958,3,xhjfutkbqrrm,6601,,2021-11-01 18:54:37,7
2683,2,zastdjndlnuefmb,2485,,2021-11-01 18:54:37,4
2666,4,fepzgtrpurfaoc,5556,,2021-11-01 18:54:37,9
2799,2,fsrvavhqbqyfzgheiera,3168,,2021-11-01 18:54:37,4
2685,4,mzqgbhj,4816,,2021-11-01 18:54:37,3
2867,2,fxotmhimkgnmxfullu,6033,,2021-11-01 18:54:37,2
2485,4,calpfucjyjj,4564,,2021-11-01 18:54:37,5
2726,1,jqqzsnusnr,6508,,2021-11-01 18:54:37,1
2692,1,bjxwwearllz,4552,,2021-11-01 18:54:37,10
2428,1,wjjdfsgcvplr,4340,,2021-11-01 18:54:37,5
2040,1,tdyb,6259,,2021-11-01 18:54:37,3
2869,4,coaaryr,3537,,2021-11-01 18:54:37,3
2588,2,agbzzluudyir,2966,,2021-11-01 18:54:37,0
2770,4,wej,4280,,2021-11-01 18:54:37,4
2741,2,bogknmryzsvfhau,3593,,2021-11-01 18:54:37,1
2282,2,rybz,3079,,2021-11-01 18:54:37,3
2684,2,zuprppsjnbrbnjbhao,6320,,2021-11-01 18:54:37,10
2734,3,bfun,3849,,2021-11-01 18:54:37,4
2757,1,qhkhonkjrd,6963,,2021-11-01 18:54:37,1
2688,1,vwrzzoor,5553,,2021-11-01 18:54:37,0
2169,2,qnqkejakzodlee,6889,,2021-11-01 18:54:37,0
2296,5,qzeqjffejo,2334,,2021-11-01 18:54:37,10
2792,2,lhkbjssnpkbrqwsuydfq,3986,,2021-11-01 18:54:37,5
2718,2,wjrogvawwjcmemcynx,2999,,2021-11-01 18:54:37,9
2966,4,tbwboitcvrm,6575,,2021-11-01 18:54:37,6
2963,2,vovhzf,3029,,2021-11-01 18:54:37,2
2363,1,xrhzjcfw,5051,,2021-11-01 18:54:37,0
2043,1,dbzjjwgye,4633,,2021-11-01 18:54:37,2
2499,5,xukgzoxzxh,4325,,2021-11-01 18:54:37,10
2267,4,szjzybanesvrbbu,6487,,2021-11-01 18:54:37,7
2112,4,ghaqkrpgppevskor,3101,,2021-11-01 18:54:37,2
2375,2,zknercriawigtre,3527,,2021-11-01 18:54:37,7
2320,3,lvytykcyorzp,6527,,2021-11-01 18:54:37,7
2356,3,lmxvecj,5618,,2021-11-01 18:54:37,9
2124,4,ttgbqycqyuvctjm,4777,,2021-11-01 18:54:37,0
2076,2,doxqugxomwf,4328,,2021-11-01 18:54:37,6
2009,4,gcwbcwyrfinpqodjj,5445,,2021-11-01 18:54:37,9
2630,2,gdqucotmozrlhodnf,3740,,2021-11-01 18:54:37,4
2705,4,krskokrcnshippgvalda,4812,,2021-11-01 18:54:37,0
2510,2,vczfg,4428,,2021-11-01 18:54:37,2
2964,3,bxchfiy,2771,,2021-11-01 18:54:37,10
2870,4,kpiu,2841,,2021-11-01 18:54:37,9
2141,3,mrz,5533,,2021-11-01 18:54:37,5
2993,2,cscekf,2597,,2021-11-01 18:54:37,5
2644,3,jmjtbbofnukceufux,5449,,2021-11-01 18:54:37,2
2399,4,saibrkksujwxmz,6213,,2021-11-01 18:54:37,10
2207,2,schxdbhvypxoxcykv,4408,,2021-11-01 18:54:37,2
2238,3,ajnyesoyxblgwz,5139,,2021-11-01 18:54:37,9
2920,2,wlkyitcqnn,4121,,2021-11-01 18:54:37,2
2848,4,wrlxzxoagovalznv,6696,,2021-11-01 18:54:37,3
2345,1,vjnkgwntuinbk,6909,,2021-11-01 18:54:37,1
2456,1,qnmtlzil,2150,,2021-11-01 18:54:37,3
2708,5,lnolbsjrlvvw,3770,,2021-11-01 18:54:37,3
2411,5,hsj,5910,,2021-11-01 18:54:37,10
2037,1,agsxehzptrwoyexcyic,4831,,2021-11-01 18:54:37,3
2437,5,grqjouqzisjodzofe,3843,,2021-11-01 18:54:37,5
2314,3,lztiezgdhzbmeoushkb,3907,,2021-11-01 18:54:37,5
2595,2,lswk,4427,,2021-11-01 18:54:37,6
2176,1,kvnmwgixhbwifqokujo,2586,,2021-11-01 18:54:37,8
2415,4,hsz,6001,,2021-11-01 18:54:37,4
2599,1,hkaluip,5836,,2021-11-01 18:54:37,5
2642,5,qisdoyxiwpqg,5501,,2021-11-01 18:54:37,9
2965,4,qvwxmchjwjklbdkgqs,6193,,2021-11-01 18:54:37,7
2209,3,ooogupcirvlocuwsbquw,6495,,2021-11-01 18:54:37,0
2805,3,fplvbyzopxmxbwwcgd,2104,,2021-11-01 18:54:37,9
2154,4,nzycvghqq,4005,,2021-11-01 18:54:37,9
2166,2,msgf,4582,,2021-11-01 18:54:37,10
2943,5,ljvgwcreawcigtt,4706,,2021-11-01 18:54:37,7
2680,1,bgfuemqczagzy,5510,,2021-11-01 18:54:37,2
2237,2,dzbqjdvjhkgcsnkbtl,5438,,2021-11-01 18:54:37,8
2069,2,virkevtsjgvp,6714,,2021-11-01 18:54:37,5
2101,2,xrwfqxhlxioxciouxjir,2028,,2021-11-01 18:54:37,3
2417,2,ytzuzdgig,5153,,2021-11-01 18:54:37,9
2836,4,faohqzztujznnftmq,4076,,2021-11-01 18:54:37,0
2881,4,eevutfgtj,3127,,2021-11-01 18:54:37,5
2377,2,kqeejazzteedikdnfqhc,2725,,2021-11-01 18:54:37,1
2864,2,nxqkydweyial,4905,,2021-11-01 18:54:37,10
2264,5,tcaxk,2141,,2021-11-01 18:54:37,7
2703,5,crghxjugvqockwfo,6444,,2021-11-01 18:54:37,4
2357,1,byqjohomaraljdsgcv,6232,,2021-11-01 18:54:37,6
2715,2,srtr,6947,,2021-11-01 18:54:37,8
2585,3,hmmyffhpj,6004,,2021-11-01 18:54:37,2
2152,3,jdqvtpqkphyjam,2496,,2021-11-01 18:54:37,2
2979,1,meodwzafzvubmlddatzc,5351,,2021-11-01 18:54:37,3
2042,5,hrkgwsimqvlzqlswtolj,2036,,2021-11-01 18:54:37,4
2942,5,jpmclksxn,4872,,2021-11-01 18:54:37,3
2531,1,pfekgaalolyvkvvvzp,6968,,2021-11-01 18:54:37,10
2714,2,poagraehktaxpkcek,4565,,2021-11-01 18:54:37,9
2057,5,wylmalefqxtnynxss,6099,,2021-11-01 18:54:37,0
2933,3,ddp,6765,,2021-11-01 18:54:37,4
2151,5,wfwrr,5463,,2021-11-01 18:54:37,10
2990,1,fsqnmrdukgctteqwbey,4402,,2021-11-01 18:54:37,1
2981,2,yvfr,5413,,2021-11-01 18:54:37,0
2824,5,sbylvummozlwxtxaiale,6719,,2021-11-01 18:54:37,0
2898,4,jdffygitup,5793,,2021-11-01 18:54:37,4
2254,2,rnjbwbtnvcirasscu,2665,,2021-11-01 18:54:37,0
2602,4,jtdoer,6733,,2021-11-01 18:54:37,1
2059,3,drgshpe,5083,,2021-11-01 18:54:37,9
2287,5,vvauwpdczmjzqgr,4401,,2021-11-01 18:54:37,3
2215,3,bahy,5019,,2021-11-01 18:54:37,10
2788,4,sxulgh,3541,,2021-11-01 18:54:37,4
2540,3,loinfnsyeqxl,3471,,2021-11-01 18:54:37,7
2026,4,xdscqzdfvvt,6908,,2021-11-01 18:54:37,4
2205,1,tutfry,6279,,2021-11-01 18:54:37,9
2962,5,oadok,6039,,2021-11-01 18:54:37,6
2039,3,ijtlcdblicd,5893,,2021-11-01 18:54:37,2
2482,4,rdqfzylnraheecg,6172,,2021-11-01 18:54:37,5
2185,2,souhh,2454,,2021-11-01 18:54:37,3
2078,2,zefwwwoob,5169,,2021-11-01 18:54:37,8
2092,5,bmijpukzvuijou,4577,,2021-11-01 18:54:37,4
2774,4,elmw,3249,,2021-11-01 18:54:37,8
2771,5,qrtvhiri,4090,,2021-11-01 18:54:37,6
2698,3,wwacsmoluhelm,6624,,2021-11-01 18:54:37,10
2083,2,mjyozq,5610,,2021-11-01 18:54:37,6
2834,3,ojaypatswraivb,3774,,2021-11-01 18:54:37,8
2055,3,ppmamdf,3489,,2021-11-01 18:54:37,1
2277,5,ytwlapjvvucwipkrfj,4346,,2021-11-01 18:54:37,9
2104,1,ayqlqja,6669,,2021-11-01 18:54:37,6
2352,3,sazcfbvyvqoyeen,4437,,2021-11-01 18:54:37,2
2545,2,omoknfewrxenz,3302,,2021-11-01 18:54:37,7
2574,4,ktppagcoyoaqtmpsr,5312,,2021-11-01 18:54:37,3
2605,5,uyubumxwsevrotts,6986,,2021-11-01 18:54:37,0
2951,4,myfhrjttfgvr,4676,,2021-11-01 18:54:37,2
2160,2,enhrmib,4128,,2021-11-01 18:54:37,8
2281,5,aaqmgdnlsxvwjsxfk,2865,,2021-11-01 18:54:37,1
2784,2,zqqwxdd,2400,,2021-11-01 18:54:37,6
2085,3,pjlriux,5675,,2021-11-01 18:54:37,9
2293,4,jecx,6654,,2021-11-01 18:54:37,7
2694,2,tkzxso,6875,,2021-11-01 18:54:37,4
2995,2,wgf,3183,,2021-11-01 18:54:37,2
2346,1,ooxjlkuerhwbtngly,3016,,2021-11-01 18:54:37,4
2429,4,fqiyyqsaeaug,2514,,2021-11-01 18:54:37,4
2430,5,fwohnbz,2997,,2021-11-01 18:54:37,7
2825,2,jqjdxmfkwkgkijdmtr,6100,,2021-11-01 18:54:37,9
2449,3,buose,3326,,2021-11-01 18:54:37,4
2140,4,bsye,6221,,2021-11-01 18:54:37,10
2948,5,gxrfxvhwamthz,2143,,2021-11-01 18:54:37,9
2930,2,zrzl,2198,,2021-11-01 18:54:37,3
2777,5,vikbytaqfigkkw,6059,,2021-11-01 18:54:37,8
2882,5,ftbuydjub,3030,,2021-11-01 18:54:37,10
